loja,codigo,descricao,preconormal,precooferta,inicio,fim,secao,familia,pai,camp,obs
1,135,MORANGO UND,25.99,9.99,29/09,29/09,HORTI FRUTI,0,1,terca,
2,135,MORANGO UND,25.99,9.99,29/09,29/09,HORTI FRUTI,0,1,terca,
3,135,MORANGO UND,25.99,9.99,29/09,29/09,HORTI FRUTI,0,1,terca,
5,135,MORANGO UND,25.99,9.99,29/09,29/09,HORTI FRUTI,0,1,terca,
8,135,MORANGO UND,25.99,9.99,29/09,29/09,HORTI FRUTI,0,1,terca,
9,135,MORANGO UND,25.99,9.99,29/09,29/09,HORTI FRUTI,0,1,terca,
1,1157,MAMAO FORMOSA KG,5.99,3.99,29/09,29/09,HORTI FRUTI,0,1,terca,
2,1157,MAMAO FORMOSA KG,5.99,3.99,29/09,29/09,HORTI FRUTI,0,1,terca,
3,1157,MAMAO FORMOSA KG,5.99,3.99,29/09,29/09,HORTI FRUTI,0,1,terca,
5,1157,MAMAO FORMOSA KG,5.99,3.99,29/09,29/09,HORTI FRUTI,0,1,terca,
8,1157,MAMAO FORMOSA KG,5.99,3.99,29/09,29/09,HORTI FRUTI,0,1,terca,
9,1157,MAMAO FORMOSA KG,5.99,3.99,29/09,29/09,HORTI FRUTI,0,1,terca,
1,1418,CARA SAO TOME KG,6.99,5.49,29/09,29/09,HORTI FRUTI,0,1,terca,
2,1418,CARA SAO TOME KG,6.99,5.49,29/09,29/09,HORTI FRUTI,0,1,terca,
3,1418,CARA SAO TOME KG,6.99,5.49,29/09,29/09,HORTI FRUTI,0,1,terca,
5,1418,CARA SAO TOME KG,6.99,5.49,29/09,29/09,HORTI FRUTI,0,1,terca,
8,1418,CARA SAO TOME KG,6.99,5.49,29/09,29/09,HORTI FRUTI,0,1,terca,
9,1418,CARA SAO TOME KG,6.99,5.49,29/09,29/09,HORTI FRUTI,0,1,terca,
1,1434,MELANCIA FATIADA KG,3.29,1.99,29/09,29/09,HORTI FRUTI,0,1,terca,
2,1434,MELANCIA FATIADA KG,3.29,1.99,29/09,29/09,HORTI FRUTI,0,1,terca,
3,1434,MELANCIA FATIADA KG,3.29,1.99,29/09,29/09,HORTI FRUTI,0,1,terca,
5,1434,MELANCIA FATIADA KG,3.29,1.99,29/09,29/09,HORTI FRUTI,0,1,terca,
8,1434,MELANCIA FATIADA KG,3.29,1.99,29/09,29/09,HORTI FRUTI,0,1,terca,
9,1434,MELANCIA FATIADA KG,3.29,1.99,29/09,29/09,HORTI FRUTI,0,1,terca,
1,1440,BATATA DOCE KG,5.49,3.99,29/09,29/09,HORTI FRUTI,0,1,terca,
2,1440,BATATA DOCE KG,5.49,3.99,29/09,29/09,HORTI FRUTI,0,1,terca,
3,1440,BATATA DOCE KG,5.49,3.99,29/09,29/09,HORTI FRUTI,0,1,terca,
5,1440,BATATA DOCE KG,5.49,3.99,29/09,29/09,HORTI FRUTI,0,1,terca,
8,1440,BATATA DOCE KG,5.49,3.99,29/09,29/09,HORTI FRUTI,0,1,terca,
9,1440,BATATA DOCE KG,5.49,3.99,29/09,29/09,HORTI FRUTI,0,1,terca,
1,1444,MELAO ESPANHOL KG,4.99,3.89,29/09,29/09,HORTI FRUTI,0,1,terca,
2,1444,MELAO ESPANHOL KG,4.99,3.89,29/09,29/09,HORTI FRUTI,0,1,terca,
3,1444,MELAO ESPANHOL KG,4.99,3.89,29/09,29/09,HORTI FRUTI,0,1,terca,
5,1444,MELAO ESPANHOL KG,4.99,3.89,29/09,29/09,HORTI FRUTI,0,1,terca,
8,1444,MELAO ESPANHOL KG,4.99,3.89,29/09,29/09,HORTI FRUTI,0,1,terca,
9,1444,MELAO ESPANHOL KG,4.99,3.89,29/09,29/09,HORTI FRUTI,0,1,terca,
1,1507,MACA NACIONAL KG,11.99,9.99,29/09,29/09,HORTI FRUTI,0,1,terca,
2,1507,MACA NACIONAL KG,11.99,9.99,29/09,29/09,HORTI FRUTI,0,1,terca,
3,1507,MACA NACIONAL KG,11.99,9.99,29/09,29/09,HORTI FRUTI,0,1,terca,
5,1507,MACA NACIONAL KG,11.99,9.99,29/09,29/09,HORTI FRUTI,0,1,terca,
8,1507,MACA NACIONAL KG,11.99,9.99,29/09,29/09,HORTI FRUTI,0,1,terca,
9,1507,MACA NACIONAL KG,11.99,9.99,29/09,29/09,HORTI FRUTI,0,1,terca,
1,1510,ABACATE KG,5.99,4.79,29/09,29/09,HORTI FRUTI,0,1,terca,
2,1510,ABACATE KG,5.99,4.79,29/09,29/09,HORTI FRUTI,0,1,terca,
3,1510,ABACATE KG,5.99,4.79,29/09,29/09,HORTI FRUTI,0,1,terca,
5,1510,ABACATE KG,5.99,4.79,29/09,29/09,HORTI FRUTI,0,1,terca,
8,1510,ABACATE KG,5.99,4.79,29/09,29/09,HORTI FRUTI,0,1,terca,
9,1510,ABACATE KG,5.99,4.79,29/09,29/09,HORTI FRUTI,0,1,terca,
1,1682,MACAXEIRA KG,3.49,2.49,29/09,29/09,HORTI FRUTI,0,1,terca,
2,1682,MACAXEIRA KG,3.49,2.49,29/09,29/09,HORTI FRUTI,0,1,terca,
3,1682,MACAXEIRA KG,3.49,2.49,29/09,29/09,HORTI FRUTI,0,1,terca,
5,1682,MACAXEIRA KG,3.49,2.49,29/09,29/09,HORTI FRUTI,0,1,terca,
8,1682,MACAXEIRA KG,3.49,2.49,29/09,29/09,HORTI FRUTI,0,1,terca,
9,1682,MACAXEIRA KG,3.49,2.49,29/09,29/09,HORTI FRUTI,0,1,terca,
1,19363,GOMA DE MANDIOCA NORTE GOMA 1KG,7.49,6.99,29/09,29/09,HORTI FRUTI,0,1,terca,
2,19363,GOMA DE MANDIOCA NORTE GOMA 1KG,7.49,6.99,29/09,29/09,HORTI FRUTI,0,1,terca,
3,19363,GOMA DE MANDIOCA NORTE GOMA 1KG,7.49,6.99,29/09,29/09,HORTI FRUTI,0,1,terca,
5,19363,GOMA DE MANDIOCA NORTE GOMA 1KG,7.49,6.99,29/09,29/09,HORTI FRUTI,0,1,terca,
8,19363,GOMA DE MANDIOCA NORTE GOMA 1KG,7.49,6.99,29/09,29/09,HORTI FRUTI,0,1,terca,
9,19363,GOMA DE MANDIOCA NORTE GOMA 1KG,7.49,6.99,29/09,29/09,HORTI FRUTI,0,1,terca,
1,22541,UVA S SEMENTE THOMPSON 500G,9.99,8.49,29/09,29/09,HORTI FRUTI,0,1,terca,
2,22541,UVA S SEMENTE THOMPSON 500G,9.99,8.49,29/09,29/09,HORTI FRUTI,0,1,terca,
3,22541,UVA S SEMENTE THOMPSON 500G,9.99,8.49,29/09,29/09,HORTI FRUTI,0,1,terca,
5,22541,UVA S SEMENTE THOMPSON 500G,9.99,8.49,29/09,29/09,HORTI FRUTI,0,1,terca,
8,22541,UVA S SEMENTE THOMPSON 500G,9.99,8.49,29/09,29/09,HORTI FRUTI,0,1,terca,
9,22541,UVA S SEMENTE THOMPSON 500G,9.99,8.49,29/09,29/09,HORTI FRUTI,0,1,terca,
1,162531,UVA S SEMENTE VITORIA 500G,11.49,7.49,29/09,29/09,HORTI FRUTI,0,1,terca,
2,162531,UVA S SEMENTE VITORIA 500G,11.49,7.49,29/09,29/09,HORTI FRUTI,0,1,terca,
3,162531,UVA S SEMENTE VITORIA 500G,11.49,7.49,29/09,29/09,HORTI FRUTI,0,1,terca,
5,162531,UVA S SEMENTE VITORIA 500G,11.49,7.49,29/09,29/09,HORTI FRUTI,0,1,terca,
8,162531,UVA S SEMENTE VITORIA 500G,11.49,7.49,29/09,29/09,HORTI FRUTI,0,1,terca,
9,162531,UVA S SEMENTE VITORIA 500G,11.49,7.49,29/09,29/09,HORTI FRUTI,0,1,terca,
