codigo,descricao,preconormal,precooferta,inicio,fim,secao,familia,pai,camp,obs
88,LING TOSCANA DE FRANGO MAURICEA KG,19.29,16.99,10/09,14/09,SALGADOS / DEFUMADOS,0,1,,
850,CUBOS DE CARNE DE SOL KG,35.99,29.99,09/09,14/09,ACOUGUE,0,1,,
1010,QUEIJO COALHO KG,38.99,31.29,11/09,13/09,FRIOS,0,1,,
1022,FRALDINHA RESFRIADA KG,48.97,43.99,11/09,11/09,ACOUGUE,0,1,,
1051,PEIXE CORVINA INT KG,17.99,14.99,11/09,11/09,PEIXARIA,0,1,,
1094,SALSICHAO MISTO NATTO KG,17.49,15.99,11/09,11/09,FRIOS,0,1,,
1327,COSTELA BOVINA RESFRIADA KG,28.99,24.99,11/09,11/09,ACOUGUE,0,1,,
1487,ASA DE FRANGO RESFRIADA KG,21.99,16.99,11/09,11/09,AVES,0,1,,
1529,ACEM C OSSO KG,30.99,26.99,10/09,10/09,ACOUGUE,0,1,,
1541,CHA DE FORA KG,44.97,39.99,10/09,10/09,ACOUGUE,0,1,,
1542,CHAMBARIL KG,28.97,24.99,10/09,10/09,ACOUGUE,0,1,,
1592,CARNE MOIDA DIANTEIRO KG,34.90,29.99,10/09,10/09,ACOUGUE,0,1,,
1708,PEITO BOVINO C OSSO KG,30.99,26.99,10/09,10/09,ACOUGUE,0,1,,
1826,SALSICHA PERDIGAO HOT DOG KG,14.59,11.99,09/09,14/09,FRIOS,0,1,,
10184,MARGARINA DELINE C SAL 3KG,34.49,29.99,10/09,14/09,FRIOS,0,1,,
10221,SAB PROTEX COMPLETE 12 85G,3.89,2.79,01/09,15/09,HIGIENE CORPORAL,1332,0,,
10302,BEBIDA LACTEA FERM BETANIA COCO 540G,5.99,4.99,10/09,21/09,FRIOS,878,0,,
10884,DESOD AERO DOVE POWER SOFT 89G,21.29,18.99,08/09,14/09,HIGIENE CORPORAL,1484,0,,
11296,SAB LIQ PROTEX BALANCE RF 200ML,13.69,9.49,01/09,15/09,HIGIENE CORPORAL,2466,0,,
11297,SAB LIQ PROTEX VITAMINA E RF 200ML,13.69,9.49,01/09,15/09,HIGIENE CORPORAL,2466,0,,
11298,SAB LIQ PROTEX ERVA DOCE RF 200ML,13.69,9.49,01/09,15/09,HIGIENE CORPORAL,2466,0,,
11598,SH SEDA CACHOS COMPORTADOS 325ML,16.49,11.99,08/09,14/09,CUIDADOS COM O CABELO,2475,1,,
11599,SH SEDA CRESCIMENTO 325ML,16.49,11.99,08/09,14/09,CUIDADOS COM O CABELO,2475,0,,
11602,SH SEDA ANTICASPA HID DIARIA 325ML,16.49,11.99,08/09,14/09,CUIDADOS COM O CABELO,2475,0,,
11603,SH SEDA KERAFORCE ORIGINAL 325ML,16.49,11.99,08/09,14/09,CUIDADOS COM O CABELO,2475,0,,
11607,SH SEDA PRETOS LUMINOSOS 325ML,16.49,11.99,08/09,14/09,CUIDADOS COM O CABELO,2475,0,,
11608,SH SEDA PUREZA REFRESCANTE 325ML,16.49,11.99,08/09,14/09,CUIDADOS COM O CABELO,2475,0,,
11609,COND SEDA CACHOS DEFINIDOS 325ML,17.59,12.99,08/09,14/09,CUIDADOS COM O CABELO,2477,0,,
11610,COND SEDA CRESCIMENTO 325ML,17.59,12.99,08/09,14/09,CUIDADOS COM O CABELO,2477,0,,
11611,COND SEDA ANTIQUEBRA 325ML,17.59,12.99,08/09,14/09,CUIDADOS COM O CABELO,2477,0,,
11612,COND SEDA HID ANTI NOS 325ML,17.59,12.99,08/09,14/09,CUIDADOS COM O CABELO,2477,0,,
11613,COND SEDA KERAFORCE ORIG 325ML,17.59,12.99,08/09,14/09,CUIDADOS COM O CABELO,2477,0,,
11615,COND SEDA LISO EXTREMO 325ML,17.59,12.99,08/09,14/09,CUIDADOS COM O CABELO,2477,0,,
11616,COND SEDA LISO PERFEITO 325ML,17.59,12.99,08/09,14/09,CUIDADOS COM O CABELO,2477,0,,
11617,COND SEDA OLEO HIDRATACAO 325ML,17.59,12.99,08/09,14/09,CUIDADOS COM O CABELO,2477,0,,
11618,COND SEDA PRETOS LUMINOSOS 325ML,17.59,12.99,08/09,14/09,CUIDADOS COM O CABELO,2477,0,,
11619,COND SEDA SOS CERAMIDAS 325ML,17.59,12.99,08/09,14/09,CUIDADOS COM O CABELO,2477,1,,
11620,COND SEDA SOS RESTAURACAO 325ML,17.59,12.99,08/09,14/09,CUIDADOS COM O CABELO,2477,0,,
11986,SH SEDA FORCA E ANTIQUEBRA 325ML,16.49,11.99,08/09,14/09,CUIDADOS COM O CABELO,2475,0,,
11987,SH SEDA HID ANTI-NOS 325ML,16.49,11.99,08/09,14/09,CUIDADOS COM O CABELO,2475,0,,
12097,SH SEDA RESTAURACAO 325ML,16.49,11.99,08/09,14/09,CUIDADOS COM O CABELO,2475,0,,
12098,SH SEDA LISO PERFEITO 325ML,16.49,11.99,08/09,14/09,CUIDADOS COM O CABELO,2475,0,,
12099,SH SEDA OLEO HIDRATACAO 325ML,16.49,11.99,08/09,14/09,CUIDADOS COM O CABELO,2475,0,,
12106,COND TRESEMME DETOX 400ML,33.49,19.99,25/08,30/09,CUIDADOS COM O CABELO,1878,0,,
12108,CR TRAT TRESEMME DETOX 400ML,34.29,19.99,25/08,30/09,CUIDADOS COM O CABELO,1687,0,,
12143,SH TRESEMME DETOX 400ML,33.39,19.99,25/08,30/09,CUIDADOS COM O CABELO,1593,0,,
12149,SH SEDA CERAMIDAS 325ML,16.49,11.99,08/09,14/09,CUIDADOS COM O CABELO,2475,0,,
12150,SH SEDA LISO EXTREMO 325ML,16.49,11.99,08/09,14/09,CUIDADOS COM O CABELO,2475,0,,
13387,COND DOVE RECUPERACAO EXTREMA 200ML,26.99,9.99,12/08,30/09,CUIDADOS COM O CABELO,1480,0,,
13402,SH DOVE RECUPERACAO EXTREMA 200ML,22.69,9.99,12/08,30/09,CUIDADOS COM O CABELO,1475,1,,
13489,SAB PALMOLIVE NATURALS NUTRICAO E SUAVIDADE 85G,3.29,1.85,01/09,15/09,HIGIENE CORPORAL,1853,0,,
13846,"AMAC CONC DOWNY BRISA DE VERAO 1,5L",49.59,42.99,19/08,18/09,LIMPEZA,3501,0,,
13894,COND PALMOLIVE NATURALS OLEO SURPREENDENTE CAMELIA 350ML,11.99,7.90,09/09,30/09,CUIDADOS COM O CABELO,1401,0,,
13897,CR DENT COLGATE LUMINOUS WHITE BRILLIANTE 70G,17.79,9.90,01/09,15/09,CUIDADOS BUCAL,0,1,,
13918,SAB LIQ PROTEX OLEO MACADAMIA 200ML,13.69,9.49,01/09,15/09,HIGIENE CORPORAL,2466,0,,
13920,SAB PALMOLIVE NATURALS OLEO NUTRITIVO 85G,3.29,1.85,01/09,15/09,HIGIENE CORPORAL,1853,0,,
13923,SH PALMOLIVE NATURALS OLEO SURPREENDENTE CAMELIA 350ML,12.39,7.90,09/09,30/09,CUIDADOS COM O CABELO,1260,0,,
14197,ABS ALWAYS ACTIVE NOTURNO SECA C/32,45.99,29.99,08/09,14/09,HIGIENE CORPORAL,3650,0,,
14338,"AMAC DOWNY LIRIOS DO CAMPO 1,5L",49.59,42.99,19/08,18/09,LIMPEZA,3501,0,,
14990,"WAFER LACTA  BIS OREO CHOCOLATE BRANCO 100,8G",9.19,5.99,10/09,30/09,BISCOITOS / BOLACHAS,4852,0,,
14991,CHOC LACTA  BIS EXTRA AO LEITE 45G,5.79,1.99,09/09,10/09,BOMBONIERE,5405,1,,
15182,BISC CLUB SOCIAL QUEIJO 141G,6.49,3.59,10/09,18/09,BISCOITOS / BOLACHAS,2680,1,,
16339,CR DENT SORRISO TRIPLA LIMPEZA COMPLETA 70G,3.69,3.19,19/08,18/09,CUIDADOS BUCAL,0,1,,
16391,COND SEDA BOMBA DE NUTRICAO 325ML,17.59,12.99,08/09,14/09,CUIDADOS COM O CABELO,2477,0,,
16392,SH SEDA BOMBA DE NUTRICAO 325ML,16.49,11.99,08/09,14/09,CUIDADOS COM O CABELO,2475,0,,
16978,ESC DENT ORAL-B IND PLUS 30 L2P1,28.89,19.98,21/08,20/09,CUIDADOS BUCAL,4175,0,,
16980,ESC DENT ORAL-B IND PLUS 35 L2P1,28.89,19.98,21/08,20/09,CUIDADOS BUCAL,4175,1,,
16981,ESC DENT ORAL-B IND PLUS 40 L2P1,28.89,19.98,21/08,20/09,CUIDADOS BUCAL,4175,0,,
16982,COND DOVE ULTRA CACHOS 200ML,26.99,9.99,12/08,30/09,CUIDADOS COM O CABELO,1480,0,,
17006,SH DOVE ULTRA CACHOS 200ML,22.69,9.99,12/08,30/09,CUIDADOS COM O CABELO,1475,0,,
17007,SH HEAD SHOULDERS OLEOSIDADE 200ML,23.29,19.98,21/08,20/09,CUIDADOS COM O CABELO,1317,0,,
17021,SAB PALMOLIVE NAT SECRETA ACAI 85G,3.29,1.85,01/09,15/09,HIGIENE CORPORAL,1853,0,,
17344,ABS ALWAYS ACTIVE NOTURNO SUAVE C/32,45.99,29.99,08/09,14/09,HIGIENE CORPORAL,3650,1,,
17438,"SORV KIBON CREMOSISSIMO CREME 1,5L",31.99,18.90,04/09,30/09,FRIOS,3303,0,,
17439,"SORV KIBON CREMOSISSIMO FLOCOS 1,5L",31.99,18.90,04/09,30/09,FRIOS,3303,0,,
17457,COND DOVE RITUAL DE REPARACAO 200ML,26.99,9.99,12/08,30/09,CUIDADOS COM O CABELO,1480,0,,
17458,SH DOVE RITUAL DE REPARACAO 200ML,22.69,9.99,12/08,30/09,CUIDADOS COM O CABELO,1475,0,,
18545,SAB PALMOLIVE HIDRAT NUTRI LANOLINA 85G,3.29,1.85,01/09,15/09,HIGIENE CORPORAL,1853,0,,
18546,SAB PALMOLIVE NATURALS HIDRATA E PERFUMA 85G,3.29,1.85,01/09,15/09,HIGIENE CORPORAL,1853,0,,
18647,SAB PROTEX MEN TRIPLA ACAO 85G,3.89,2.79,01/09,15/09,HIGIENE CORPORAL,1332,0,,
19384,CR PENT SEDA BOOM VOLUMACAO 295ML,13.99,10.99,08/09,14/09,CUIDADOS COM O CABELO,1369,0,,
19390,CR PENT SEDA BOOM DEFINICAO 295ML,13.99,10.99,08/09,14/09,CUIDADOS COM O CABELO,1369,0,,
19393,COND SEDA BOMBA ARGAN 325ML,17.59,12.99,08/09,14/09,CUIDADOS COM O CABELO,2477,0,,
19394,COND TRESEMME BAIXO POO 400ML,33.49,19.99,25/08,30/09,CUIDADOS COM O CABELO,1878,0,,
19396,CR TRAT TRESEMME BAIXO POO 400G,34.29,19.99,25/08,30/09,CUIDADOS COM O CABELO,1687,0,,
19398,SH TRESEMME BAIXO POO 400ML,33.39,19.99,25/08,30/09,CUIDADOS COM O CABELO,1593,0,,
19399,SH SEDA BOMBA ARGAN 325ML,16.49,11.99,08/09,14/09,CUIDADOS COM O CABELO,2475,0,,
19447,"SORV KIBON CREMOSISSIMO NAPLITANO 1,5L",31.99,18.90,04/09,30/09,FRIOS,3303,1,,
19448,SORV KIBOM CREMOS NAPOLITANO+FLOCOS 4EM1 2L,42.49,27.90,04/09,30/09,FRIOS,4870,1,,
20259,MANTEIGA KREMINAS C SAL 200G,8.99,7.99,10/09,14/09,FRIOS,0,1,,
20554,SH DOVE HIDRATACAO INTENSA OXIGENIO 200ML,22.69,9.99,12/08,30/09,CUIDADOS COM O CABELO,1475,0,,
20557,COND DOVE HIDRATACAO INTENSA INFUSAO OXIGENIO 200ML,26.99,9.99,12/08,30/09,CUIDADOS COM O CABELO,1480,1,,
20818,DESOD AERO DOVE GO FRESH ROMA 150ML,21.29,18.99,08/09,14/09,HIGIENE CORPORAL,1484,0,,
20819,DESOD AERO DOVE MINERAL E SALVIA 89G,21.29,18.99,08/09,14/09,HIGIENE CORPORAL,1484,0,,
20822,SH DOVE NUTRICAO MICELAR 200ML,22.69,9.99,12/08,30/09,CUIDADOS COM O CABELO,1475,0,,
20823,COND DOVE NUTRICAO OLEO MICELAR 200ML,26.99,9.99,12/08,30/09,CUIDADOS COM O CABELO,1480,0,,
21258,KIT PANTENE RECONSTRUCAO SH+COND,49.29,39.98,01/09,30/09,CUIDADOS COM O CABELO,3048,0,,
21259,KIT PANTENE CACHOS SH+COND,49.29,39.98,01/09,30/09,CUIDADOS COM O CABELO,3048,0,,
21260,KIT PANTENE HIDRATACAO SH+COND,49.29,39.98,01/09,30/09,CUIDADOS COM O CABELO,3048,0,,
21261,KIT PANTENE HIDROCAUTERIZACAO SH+COND,49.29,39.98,01/09,30/09,CUIDADOS COM O CABELO,3048,0,,
21427,"IOG BETANIA MORANGO 1,250G",17.89,12.99,08/09,21/09,FRIOS,0,1,,
21964,FILE DE POLACA MAURICEA 800G,39.49,32.99,11/09,11/09,PEIXARIA,0,1,,
22884,FILE DE PEITO EM CUBOS MAURICEA CONG 400G,8.99,7.99,10/09,14/09,AVES,3720,1,,
22885,FILE DE PEITO EM CUBOS MAURICEA CONG 4 QUEIJOS 400G,8.99,7.99,10/09,14/09,AVES,3720,0,,
22886,FILE DE PEITO EM CUBOS MAURICEA CONG YAKISSOBA 400G,8.99,7.99,10/09,14/09,AVES,3720,0,,
22888,FILE DE PEITO EM CUBOS MAURICEA CONG ERVA FINA 400G,8.99,7.99,10/09,14/09,AVES,3720,0,,
24096,KIT PANTENE LISO EXTREMO SH+COND,49.29,39.98,01/09,30/09,CUIDADOS COM O CABELO,3048,0,,
24174,AMAC DOWNY CONC NATURALS COCO E MENTA 450ML,18.69,15.99,21/08,20/09,LIMPEZA,3500,0,,
24551,SH SEDA ONDAS FRIZZ 325ML,16.49,11.99,08/09,14/09,CUIDADOS COM O CABELO,2475,0,,
24552,SH SEDA POS DANOS 325ML,16.49,11.99,08/09,14/09,CUIDADOS COM O CABELO,2475,0,,
24566,HID PANTENE UNIDOS PELO CACHOS 270ML,48.69,29.97,29/08,28/09,CUIDADOS COM O CABELO,5527,0,,
24639,"SORV KIBON CREMOSISSIMO CHOC 1,5L",31.99,18.90,04/09,30/09,FRIOS,3303,0,,
24717,COND SEDA ONDAS FRIZZ 325ML,17.59,12.99,08/09,14/09,CUIDADOS COM O CABELO,2477,0,,
25080,DETERG OMO PO LAV SANITIZA E HIG 800G,17.09,7.99,25/08,24/09,LIMPEZA,5419,1,,
25344,COND SEDA MAMONA E CAFE 325ML,17.59,12.99,08/09,14/09,CUIDADOS COM O CABELO,2477,0,,
25345,COND SEDA MANDACARU E CAJA 325ML,17.59,12.99,08/09,14/09,CUIDADOS COM O CABELO,2477,0,,
25346,SH SEDA MAMONA E CAFE 325ML,16.49,11.99,08/09,14/09,CUIDADOS COM O CABELO,2475,0,,
25348,DESOD AERO DOVE ANTIBACTERIANO 150ML,21.29,18.99,08/09,14/09,HIGIENE CORPORAL,1484,0,,
25349,SH DOVE HIDRA LISO 200ML,22.69,9.99,12/08,30/09,CUIDADOS COM O CABELO,1475,0,,
25350,COND DOVE HIDRA LISO 200ML,26.99,9.99,12/08,30/09,CUIDADOS COM O CABELO,1480,0,,
25816,SH SEDA BABOSA E OLEO DE COCO 325ML,16.49,11.99,08/09,14/09,CUIDADOS COM O CABELO,2475,0,,
25817,COND SEDA BABOSA E OLEO DE COCO 325ML,17.59,12.99,08/09,14/09,CUIDADOS COM O CABELO,2477,0,,
25818,SH SEDA MANDACARU E CAJA 325ML,16.49,11.99,08/09,14/09,CUIDADOS COM O CABELO,2475,0,,
25830,ABS ALWAYS BASICO SUAVE C ABAS 32UN,22.39,17.99,08/09,14/09,HIGIENE CORPORAL,3660,1,,
25832,AP BARB GILLETTE MACH3 ACQUA GRIP REG 1,33.29,19.98,24/08,19/09,HIGIENE CORPORAL,0,1,,
25848,CR PENT SEDA ANTIFRIZZ 300ML,13.99,10.99,08/09,14/09,CUIDADOS COM O CABELO,1369,0,,
25895,AMAC DOWNY CONC ADORAVEL 450ML,18.69,15.99,21/08,20/09,LIMPEZA,3500,0,,
25896,AMAC DOWNY CONC MISTICO 450ML,18.69,15.99,21/08,20/09,LIMPEZA,3500,0,,
25898,AMAC DOWNY CONC SUAVE E GENTIL 450ML,18.69,15.99,21/08,20/09,LIMPEZA,3500,0,,
25899,AMAC DOWNY CONC PAIXAO 450ML,18.69,15.99,21/08,20/09,LIMPEZA,3500,0,,
25901,"AMAC DOWNY CONC NATURALS COCO E MENTA 1,35LT",49.59,42.99,19/08,18/09,LIMPEZA,3501,0,,
25902,"AMAC DOWNY CONC ADORAVEL 1,35LT",49.59,42.99,19/08,18/09,LIMPEZA,3501,0,,
25903,"AMAC DOWNY CONC MISTICO 1,35LT",49.59,42.99,19/08,18/09,LIMPEZA,3501,0,,
25905,"AMAC DOWNY CONC SUAVE E GENTIL 1,35LT",49.59,42.99,19/08,18/09,LIMPEZA,3501,0,,
25906,"AMAC DOWNY CONC NATURALS ROMA E BAUNILHA 1,35LT",49.59,42.99,19/08,18/09,LIMPEZA,3501,0,,
26026,COND PALMOLIVE SEMPRE LONGO 350ML,11.99,7.90,09/09,30/09,CUIDADOS COM O CABELO,1401,0,,
26027,SH PALMOLIVE NATURALS SEMPRE LONGO 350ML,12.39,7.90,09/09,30/09,CUIDADOS COM O CABELO,1260,0,,
26030,SAB PROTEX DUO PROTECT 85G,3.89,2.79,01/09,15/09,HIGIENE CORPORAL,1332,0,,
26032,SAB PALMOLIVE NATURALS FRESCOR PURIFICANTE 150G,4.99,2.99,01/09,15/09,HIGIENE CORPORAL,1327,0,,
26138,DESOD AERO DOVE SENSITIVE SEM PERFUME 150ML,21.29,18.99,08/09,14/09,HIGIENE CORPORAL,1484,0,,
26344,CR DENT SORRISO TRIPLA LIMPEZA COMPLETA 120G,4.99,3.90,01/09,15/09,CUIDADOS BUCAL,0,1,,
26543,SH HEAD SHOULDERS MEN 3EM1 400ML,39.99,29.98,21/08,20/09,CUIDADOS COM O CABELO,3554,1,,
26544,SH HEAD SHOULDERS ANTICOCEIRA 400ML,39.99,29.98,21/08,20/09,CUIDADOS COM O CABELO,3554,0,,
26546,SH HEAD SHOULDERS HIDRATACAO 400ML,39.99,29.98,21/08,20/09,CUIDADOS COM O CABELO,3554,0,,
26547,SH HEAD SHOULDERS MENTHOL 400ML,39.99,29.98,21/08,20/09,CUIDADOS COM O CABELO,3554,0,,
28027,AP BARB GILLETTE MACH3 ACQUA GRIP SENSITIVE,29.69,19.98,21/08,19/09,HIGIENE CORPORAL,0,1,,
28239,AMAC DOWNY CONC AGUA FRESCA 500ML,18.69,15.99,21/08,20/09,LIMPEZA,3500,0,,
28305,BEBIDA LACTEA FERM BETANIA MIX DE FRUTAS 540G,5.99,4.99,10/09,21/09,FRIOS,878,0,,
28359,"IOG DANONE LIQ VITAMINAS DE FRUTAS 1,250G",18.49,17.99,10/09,14/09,FRIOS,0,1,,
28360,"IOG DANONE LIQ MORANGO 1,250G",18.49,17.99,10/09,14/09,FRIOS,0,1,,
28520,SH TRESEMME CRESCIMENTO MAXIMO 400ML,33.39,19.99,25/08,30/09,CUIDADOS COM O CABELO,1593,0,,
28521,COND TRESEMME CRESCIMENTO MAXIMO 400ML,33.49,19.99,25/08,30/09,CUIDADOS COM O CABELO,1878,0,,
28673,DESOD AERO DOVE GO FRESH PERA 150ML,21.29,18.99,08/09,14/09,HIGIENE CORPORAL,1484,0,,
28674,DESOD AERO DOVE GO FRESH AMORA 150ML,21.29,18.99,08/09,14/09,HIGIENE CORPORAL,1484,0,,
29581,COND SEDA JUNTINHOS CRESPOS 300ML,17.59,12.99,08/09,14/09,CUIDADOS COM O CABELO,2477,0,,
29582,CR PENT SEDA JUNTINHOS CRESPOS 300ML,13.99,10.99,08/09,14/09,CUIDADOS COM O CABELO,1369,0,,
29583,SH SEDA JUNTINHOS 300ML,16.49,11.99,08/09,14/09,CUIDADOS COM O CABELO,2475,0,,
29584,SH SEDA JUNTINHOS CRESPOS 300ML,16.49,11.99,08/09,14/09,CUIDADOS COM O CABELO,2475,0,,
29585,SH SEDA COLAGENO 325ML,16.49,11.99,08/09,14/09,CUIDADOS COM O CABELO,2475,0,,
29586,CR PENT SEDA JUNTINHOS CACHOS 300ML,13.99,10.99,08/09,14/09,CUIDADOS COM O CABELO,1369,0,,
29620,KIT PANTENE BAMBU SH+COND,49.29,39.98,01/09,30/09,CUIDADOS COM O CABELO,3048,0,,
29721,FILE DE TILAPIA NATTO 400G,23.99,21.99,11/09,11/09,PEIXARIA,0,1,,
29917,BISC PIRAQUE GOIABINHA 25G,1.59,0.89,10/09,20/09,BISCOITOS / BOLACHAS,0,1,,
30276,BISC COOKIES VITARELLA CHOC.C  GOTAS 80G,4.69,2.59,10/09,17/09,BISCOITOS / BOLACHAS,4169,1,,
30418,MINI SORV BAUNILHA COBERT CHOC KIBON ESKI-BON CX 92.1G,15.99,9.90,03/09,30/09,FRIOS,5088,1,,
30423,PICOLE BAUNILHA COM CHOCOLATE BRANCO MAGNUM 78G,19.99,9.90,03/09,30/09,FRIOS,0,1,,
30526,PICOLE COOKIES CREAM MAGNUM PACOTE 69G,19.99,9.90,03/09,30/09,FRIOS,0,1,,
30528,PICOLE PRALINE MAGNUM BELGA 69G,19.99,9.90,03/09,30/09,FRIOS,0,1,,
30529,PICOLE CHOCOLATE COB CHOCOLATE MAGNUM ZERO 67G,19.99,9.90,03/09,30/09,FRIOS,0,1,,
30774,CR PENT SEDA COLAGENO + VITAMINA C 300ML,13.99,10.99,08/09,14/09,CUIDADOS COM O CABELO,1369,0,,
30775,COND SEDA COLAGENO + VITAMINA C 325ML,17.59,12.99,08/09,14/09,CUIDADOS COM O CABELO,2477,0,,
30787,KIT PANTENE BRILHO EXTREMO SH+COND,49.29,39.98,01/09,30/09,CUIDADOS COM O CABELO,3048,0,,
31175,AMAC DOWNY CONC BRISA VERAO +INTENSO 500ML,18.69,15.99,21/08,20/09,LIMPEZA,3500,0,,
31177,"AMAC CONC DOWNY BRISA DE VERAO +INTENSO 1,5L",49.59,42.99,19/08,18/09,LIMPEZA,3501,1,,
31802,COND SEDA JUNTINHOS BRILHO ENCANTADO 300ML,17.59,12.99,08/09,14/09,CUIDADOS COM O CABELO,2477,0,,
31803,CR PENT SEDA JUNTINHOS BRILHO ENCANTADO 300ML,13.99,10.99,08/09,14/09,CUIDADOS COM O CABELO,1369,0,,
31823,SAB PROTEX CARVAO DETOX 85G,3.89,2.79,01/09,15/09,HIGIENE CORPORAL,1332,0,,
31937,BISC CLUB SOCIAL CEBOLA C SOUR CREAM 141G,6.19,3.49,10/09,11/09,BISCOITOS / BOLACHAS,2684,1,,
32209,SAB PROTEX ERVA DOCE 85G,3.89,2.79,01/09,15/09,HIGIENE CORPORAL,1332,0,,
32886,KIT PANTENE RESTAURACAO SH+COND GRTS AMP,49.29,39.98,01/09,30/09,CUIDADOS COM O CABELO,3048,0,,
32986,BEB LACTEA UHT BETANIA YOBEM PROT CHOC 250ML,9.49,6.99,25/08,15/09,FRIOS,4715,1,,
32987,BEB LACTEA UHT BETANIA YOBEM PROT BANANA 250ML,9.49,6.99,25/08,15/09,FRIOS,4715,0,,
33447,SH DOVE CACHEADOS TEXTURAS REAIS 200ML,22.69,9.99,12/08,30/09,CUIDADOS COM O CABELO,1475,0,,
33450,COND SEDA BOOM HIDRATACAO PRO CURVA 300ML,17.59,12.99,08/09,14/09,CUIDADOS COM O CABELO,2477,0,,
33584,KIT PANTENE RESTAURACAO SH+COND,49.29,39.98,01/09,30/09,CUIDADOS COM O CABELO,3048,0,,
33592,DESOD AERO DOVE MEN LIMAO 150ML,21.29,18.99,08/09,14/09,HIGIENE CORPORAL,1484,0,,
33593,DESOD AERO DOVE MEN EUCALIPTO 89G,21.29,18.99,08/09,14/09,HIGIENE CORPORAL,1484,0,,
33785,PICOLE TABLITO MAX AVELA 64G,10.49,4.99,03/09,30/09,FRIOS,0,1,,
33791,SH SEDA JUNTINHOS 2EM1 325ML,16.49,11.99,08/09,14/09,CUIDADOS COM O CABELO,2475,0,,
33794,SH SEDA JUNTINHOS CACHOS 300ML,16.49,11.99,08/09,14/09,CUIDADOS COM O CABELO,2475,0,,
33923,COND SEDA JUNTINHOS MOANA 325ML,17.59,12.99,08/09,14/09,CUIDADOS COM O CABELO,2477,0,,
33956,SH PALMOLIVE HIALURONICO 350ML,12.39,7.90,09/09,30/09,CUIDADOS COM O CABELO,1260,1,,
33957,COND PALMOLIVE HIALURONICO 350ML,11.99,7.90,09/09,30/09,CUIDADOS COM O CABELO,1401,0,,
34076,SAND IPANEMA BRASIL AD AJ571 AZ BC 37 38 43 44,34.99,27.99,02/09,30/09,CALCADOS,4314,0,,
34077,SAND IPANEMA BRASIL AD AJ569 BC BC 37 38 43 44,34.99,27.99,02/09,30/09,CALCADOS,4314,1,,
34078,SAND IPANEMA BRASIL AD AJ570 PT PT 37 38 43 44,34.99,27.99,02/09,30/09,CALCADOS,4314,0,,
34313,COND PALMOLIVE FORCA E COLAGENO 350G,11.99,7.90,09/09,30/09,CUIDADOS COM O CABELO,1401,0,,
34321,SH PALMOLIVE FORCA E COLAGENO 350ML,12.39,7.90,09/09,30/09,CUIDADOS COM O CABELO,1260,0,,
34494,HID PANTENE RESTAURACAO 270ML,48.69,29.97,29/08,28/09,CUIDADOS COM O CABELO,5527,0,,
34636,SORV KIBON 2 EM 1 ABACAXI E COCO 2L,42.49,27.90,04/09,30/09,FRIOS,4870,0,,
34742,PROTETOR DIARIO ALWAYS RESPIRAVEL C 80,34.99,24.99,11/08,10/09,HIGIENE CORPORAL,0,1,,
34795,ANTI-SEP COLGATE PLAX FRESH MINT L750P500ML,24.29,14.90,01/09,15/09,CUIDADOS BUCAL,4808,0,,
34796,ANTI-SEP COLGATE PLAX ODOR CONTROL 250ML,17.29,7.90,01/09,15/09,CUIDADOS BUCAL,1458,0,,
34800,CR DENT COLGATE TOTAL CARVAO ATIVADO 90G,12.99,9.90,01/09,15/09,CUIDADOS BUCAL,1380,0,,
35766,KIT PANTENE HIDROCAUTERIZACAO SH350+COND,49.29,39.98,01/09,30/09,CUIDADOS COM O CABELO,3048,0,,
35775,ANTI-SEP COLGATE PLAX ODOR CONTROL L750P500ML,24.29,14.90,01/09,15/09,CUIDADOS BUCAL,4808,1,,
36068,SAB PALMOLIVE NUTRICAO E SUAVIDADE GELEIA 150G,4.99,2.99,01/09,15/09,HIGIENE CORPORAL,1327,0,,
36381,SAB PALMOLIVE NATURALS SENSACAO PURIFICANTE 85G,3.29,1.85,01/09,15/09,HIGIENE CORPORAL,1853,0,,
36736,CR DENT ORAL B 4EM1 180G,12.79,9.99,21/08,20/09,CUIDADOS BUCAL,0,1,,
37265,SH HEAD SHOULDERS OLD SPICE 200ML,23.29,19.98,21/08,20/09,CUIDADOS COM O CABELO,1317,0,,
37421,"WAFER LACTA BIS LAKA 100,8G",9.19,5.99,10/09,30/09,BOMBONIERE,4852,0,,
37422,"WAFER LACTA BIS AO LEITE 100,8G",9.19,5.99,10/09,30/09,BOMBONIERE,4852,1,,
37609,BEB LACTEA UHT BETANIA YOBEM PROT COCO C/TAPIOCA 250ML,9.49,6.99,25/08,15/09,FRIOS,4715,0,,
37791,ESC DENT COLGATE ZIG ZAG CARVAO 2PK,17.59,10.90,01/09,15/09,CUIDADOS BUCAL,0,1,,
37801,SAB PALMOLIVE NATURALS MELANCIA E LICHIA 85G,3.29,1.85,01/09,15/09,HIGIENE CORPORAL,1853,0,,
37802,SAB PALMOLIVE NATURALS HIDRATACAO REFRESCANTE 150G,4.99,2.99,01/09,15/09,HIGIENE CORPORAL,1327,0,,
37803,SAB PALMOLIVE NATURALS FRESCOR NUTRITIVO 150G,4.99,2.99,01/09,15/09,HIGIENE CORPORAL,1327,0,,
37804,SAB PALMOLIVE NATURALS FRESCOR NUTRITIVO 85G,3.29,1.85,01/09,15/09,HIGIENE CORPORAL,1853,0,,
37902,ENERG MORMAII 269 ML,4.19,2.39,10/09,16/09,BEBIDAS,0,1,,
37965,MINI SORV CHICABON COBERTURA CHOC KIBON CAIXA 92G,15.99,9.90,03/09,30/09,FRIOS,5088,0,,
37966,MINI SORV DOCE DE LEITE COBERTURA CHOCO KIBON CX 92G,15.99,9.90,03/09,30/09,FRIOS,5088,0,,
37969,PICOLE KIBON MAGNUM AMENDOAS 72G,19.99,9.90,03/09,30/09,FRIOS,0,1,,
37973,BEB LACT NESQUIK MORANGO 180ML,2.99,1.69,10/09,17/09,ACHOCOLATADOS / LEITES,0,1,,
38184,ANTI-SEP COLGATE PLAX ODOR CONTROL 500ML,23.29,11.90,01/09,15/09,CUIDADOS BUCAL,1455,0,,
38394,CR DENT COLGATE LUMINOUS GLOW 70G,29.49,9.90,01/09,15/09,CUIDADOS BUCAL,0,1,,
38447,"AMAC DOWNY BRISA SUAVE 1,5L",49.59,42.99,19/08,18/09,LIMPEZA,3501,0,,
38450,AMAC DOWNY BRISA SUAVE 500ML,18.69,15.99,21/08,20/09,LIMPEZA,3500,0,,
38463,SH SEDA PROBIOTICO + BIOTINA 325ML,16.49,11.99,08/09,14/09,CUIDADOS COM O CABELO,2475,0,,
38464,COND SEDA PROBIOTICO + BIOTINA 325ML,17.59,12.99,08/09,14/09,CUIDADOS COM O CABELO,2477,0,,
38977,SAB PALMOLIVE NATURALS ESFOLIACAO DELICADA 150G,4.99,2.99,01/09,15/09,HIGIENE CORPORAL,1327,0,,
38987,QUEIJO RALADO ILDA 40G,3.59,1.99,10/09,15/09,CONDIMENTOS / CONSERVAS,0,1,,
39040,AMAC DOWNY BRISAS DE VERAO LV500ML PG450ML,16.29,14.39,21/08,20/09,LIMPEZA,5310,0,,
39426,AP GILETTE MACH3 C/1UN CARBONO,47.99,19.98,21/08,19/09,DEPILACAO,0,1,,
39639,FILE DE PEITO EM CUBOS MAURICEA CONG CEB.CAR C/BACON 400G,8.99,7.99,10/09,14/09,AVES,3720,0,,
39935,ANTI-SEP COLGATE PLAX KIDS MINIONS 250ML,19.98,12.99,19/08,18/09,CUIDADOS BUCAL,4948,1,,
39962,KIT PANTENE COLAGENO SH+COND,49.29,39.98,01/09,30/09,CUIDADOS COM O CABELO,3048,1,,
39963,KIT PANTENE QUERATINA SH+COND,49.29,39.98,01/09,30/09,CUIDADOS COM O CABELO,3048,0,,
39968,ANTI-SEP COLGATE PLAX ICE FUSION 250ML,17.29,7.90,01/09,15/09,CUIDADOS BUCAL,1458,0,,
40148,BISC MARILAN TEENS SNACK BAUN 30G,1.99,0.99,10/09,14/09,BISCOITOS / BOLACHAS,766,1,,
40221,SH HEAD SHOULDERS LIMPEZA EFICAZ 200ML,23.29,19.98,21/08,20/09,CUIDADOS COM O CABELO,1317,0,,
40222,SH HEAD SHOULDERS LIMPEZA EFICAZ 400ML,39.99,29.98,21/08,20/09,CUIDADOS COM O CABELO,3554,0,,
40223,OLEO PANTENE QUERATINA 95ML,50.29,39.98,29/08,28/09,CUIDADOS COM O CABELO,0,1,,
40224,SPRAY PANTENE QUERATINA 160ML,50.49,39.98,29/08,28/09,CUIDADOS COM O CABELO,0,1,,
40245,CR PENT SEDA PREBIOTICOS + BIOTINA FRASC0 300ML,13.99,10.99,08/09,14/09,CUIDADOS COM O CABELO,1369,0,,
40252,DESOD AERO DOVE MEN INVISIBLE FRESH 150ML,21.29,18.99,08/09,14/09,HIGIENE CORPORAL,1484,0,,
40374,CR DENT SORRISO DENTES BRANCOS 120G,6.69,5.99,19/08,18/09,CUIDADOS BUCAL,0,1,,
41040,MINI SORV MORANGO KIBON ESKI-BON CX 92G,15.99,9.90,03/09,30/09,FRIOS,5088,0,,
41193,PICOLE KIBON TABLITO 3 CHOCOLATES 61G,10.49,4.99,03/09,30/09,FRIOS,0,1,,
41398,HID PANTENE BAMBU 600ML,46.29,39.98,29/08,28/09,CUIDADOS COM O CABELO,0,1,,
41405,COND DARLING CERAMIDAS 350ML,10.79,7.90,27/08,30/09,CUIDADOS COM O CABELO,5127,0,,
41406,COND DARLING DETOX 350ML,10.79,7.90,27/08,30/09,CUIDADOS COM O CABELO,5127,0,,
41407,SH DARLING TILIA 350ML,9.79,7.90,27/08,30/09,CUIDADOS COM O CABELO,5128,0,,
41408,SH DARLING 2X1 350ML,9.79,7.90,27/08,30/09,CUIDADOS COM O CABELO,5128,1,,
41409,SH DARLING CERAMIDAS 350ML,9.79,7.90,27/08,30/09,CUIDADOS COM O CABELO,5128,0,,
41416,SH DARLING DETOX 350ML,9.79,7.90,27/08,30/09,CUIDADOS COM O CABELO,5128,0,,
41537,SNACKS RUFFLES SOUR CREAM E CEBOLA 100G,10.69,9.99,11/09,13/09,BOMBONIERE,5151,0,,
41538,SNACKS RUFFLES CHEDDAR 100G,10.69,9.99,11/09,13/09,BOMBONIERE,5151,0,,
41658,COND SEDA LUMINOUS UV 300ML,17.59,12.99,08/09,14/09,CUIDADOS COM O CABELO,2477,0,,
41659,SH SEDA LUMINOUS UV 300ML,16.49,11.99,08/09,14/09,CUIDADOS COM O CABELO,2475,0,,
41660,CR PENT SEDA LUMINOUS UV 300ML,13.99,10.99,08/09,14/09,CUIDADOS COM O CABELO,1369,0,,
41681,PICOLE PISTACHE MAGNUM 64G,19.99,9.90,03/09,30/09,FRIOS,0,1,,
42117,SAB PROTEX FRESH 85G,3.89,2.79,01/09,15/09,HIGIENE CORPORAL,1332,0,,
42118,"AMAC CONC DOWNY ALFAZEMA 1,5L",49.59,42.99,19/08,18/09,LIMPEZA,3501,0,,
42119,AMAC DOWNY SEIVA DE ALFAZEMA 500ML,18.69,15.99,21/08,20/09,LIMPEZA,3500,0,,
42409,DESOD AERO DOVE MEN INVISIBLE DRY PROMO 200ML,21.29,18.99,08/09,14/09,HIGIENE CORPORAL,1484,0,,
42841,AMAC DOWNY BRISAS SUAVE LV500ML PG450ML,16.29,14.39,21/08,20/09,LIMPEZA,5310,0,,
43172,SH TRESEMME BLINDAGEM ANTIUMIDADE 400ML,33.39,19.99,25/08,30/09,CUIDADOS COM O CABELO,1593,1,,
43173,CR TRAT TRESEMME BLINDAGEM ANTIUMIDADE 400ML,34.29,19.99,25/08,30/09,CUIDADOS COM O CABELO,1687,1,,
43174,COND TRESEMME BLINDAGEM ANTIUMIDADE 400ML,33.49,19.99,25/08,30/09,CUIDADOS COM O CABELO,1878,1,,
43268,CAMARAO CONG CINZA QUALIMAR COZ S/CB 50/80 300G,27.99,23.99,11/09,11/09,PEIXARIA,0,1,,
43285,SH TRESEMME BRILHO LAMELAR 400ML,33.39,19.99,25/08,30/09,CUIDADOS COM O CABELO,1593,0,,
43286,COND TRESEMME BRILHO LAMELAR 400ML,33.49,19.99,25/08,30/09,CUIDADOS COM O CABELO,1878,0,,
43287,SH SEDA TOQUE DE SEDA 300ML,16.49,11.99,08/09,14/09,CUIDADOS COM O CABELO,2475,0,,
43288,COND SEDA TOQUE DE SEDA 250ML,17.59,12.99,08/09,14/09,CUIDADOS COM O CABELO,2477,0,,
43289,CR PENT SEDA TOQUE DE SEDA 300ML,13.99,10.99,08/09,14/09,CUIDADOS COM O CABELO,1369,0,,
43416,MINI SORV KIBON PACOQUITA CX 92G,15.99,9.90,03/09,30/09,FRIOS,5088,0,,
43417,LAVA ROUPAS EVA 3L,14.49,12.99,12/08,11/09,LIMPEZA,5706,1,,
43525,SAB PALMOLIVE NATURALS SENSACAO PURIFICANTE 150G,4.99,2.99,01/09,15/09,HIGIENE CORPORAL,1327,0,,
43578,SPRAY TRESEMME SELANTE IMPERMEABILIZANTE 180ML,57.69,29.99,25/08,30/09,CUIDADOS COM O CABELO,0,1,,
43603,BISC CRACKER ORIGINAL PIRAQUE PREMIUM 150G,5.59,3.99,07/09,13/09,BISCOITOS / BOLACHAS,0,1,,
43854,ABS ALWAYS NOTURNO SUAVE C/ABAS XG C/26,40.49,29.97,21/08,20/09,HIGIENE CORPORAL,0,1,,
43855,CR DENT ORAL-B 3DW FRESH BRILHANTE 140G,20.89,15.99,21/08,20/09,CUIDADOS BUCAL,0,1,,
43857,CR DENT ORAL-B EXTRA BRANCO 180G,12.79,9.99,21/08,20/09,CUIDADOS BUCAL,0,1,,
43974,KIT PANTENE ANTI QUEDA SH+COND,49.29,39.98,01/09,30/09,CUIDADOS COM O CABELO,3048,0,,
44026,BEB LACT BETANIA BAT GUT BANANA MACA 900ML,5.89,4.99,08/09,21/09,FRIOS,690,0,,
44027,BEB LACT BETANIA BAT GUT GOIABA 900ML,5.99,4.99,08/09,21/09,FRIOS,690,0,,
44166,TONICO PANTENE ANTIQUEDA 52ML,50.89,39.95,29/08,28/09,CUIDADOS COM O CABELO,0,1,,
44190,DESOD AERO DOVE GO FRESH PESSEGO 150ML,21.29,18.99,08/09,14/09,HIGIENE CORPORAL,1484,0,,
44191,DESOD AERO DOVE FRESH CARE LAVANDA 150ML,21.29,18.99,08/09,14/09,HIGIENE CORPORAL,1484,0,,
44234,CR DENT COLGATE TOTAL ORIGINAL MINT 90G,12.99,9.90,01/09,15/09,CUIDADOS BUCAL,1380,1,,
44245,PAO DE ALHO NATTO GRILL 300G,16.69,14.99,11/09,11/09,FRIOS,0,1,,
44253,KIT PANTENE EQULIBIO SH+COND,49.29,39.98,01/09,30/09,CUIDADOS COM O CABELO,3048,0,,
44323,LAVA ROUPAS PO SONHO MULTI ACAO 400G,3.59,2.59,11/09,13/09,LIMPEZA,5538,0,,
44324,LAVA ROUPAS PO SONHO FLORAL 400G,3.59,2.59,11/09,13/09,LIMPEZA,5538,0,,
44325,LAVA ROUPAS PO SONHO COCO 400G,3.59,2.59,11/09,13/09,LIMPEZA,5538,0,,
44590,SAND RIDER STREET C MASC BM506 PT/C N37 A 44,34.99,27.99,02/09,30/09,CALCADOS,4314,0,,
44592,"AMAC CONC DOWNY VERAO TROPICAL 1,5L",49.59,42.99,19/08,18/09,LIMPEZA,3501,0,,
44593,AMAC DOWNY CONC VERAO TROPICAL 500ML,18.69,15.99,21/08,20/09,LIMPEZA,3500,0,,
44687,CR TRAT TRESEMME BRILHO LAMELAR 400G,34.29,19.99,25/08,30/09,CUIDADOS COM O CABELO,1687,0,,
44731,AMAC DOWNY BRISAS INTENSO LV500ML PG450ML,16.29,14.39,21/08,20/09,LIMPEZA,5310,1,,
44808,CR DENT COLGATE TOTAL GENGIVA REFORCADA 90G,12.99,9.90,01/09,15/09,CUIDADOS BUCAL,1380,0,,
45001,BEB LACTEA BETANIA YOBEM PROT CARAMELO 250ML,9.49,6.99,27/08,15/09,FRIOS,0,1,,
45007,KIT PANTENE BOND REPAIR MOLECULAR SH+COND,49.29,39.98,01/09,30/09,CUIDADOS COM O CABELO,3048,0,,
45015,HID PANTENE BOND REPAIR MOLECULAR 270ML,48.69,39.98,29/08,28/09,CUIDADOS COM O CABELO,0,1,,
45137,COND SEDA COLAGENO E VITAMINA 250ML,17.59,12.99,08/09,14/09,CUIDADOS COM O CABELO,2477,0,,
45139,SH SEDA COLAGENO E VITAMINA 300ML,16.49,11.99,08/09,14/09,CUIDADOS COM O CABELO,2475,0,,
45474,LIMP CIF TIRA LIMO CLORO 500ML,15.39,12.99,25/08,24/09,LIMPEZA,0,1,,
45889,BOLINHO DE BACALHAU PETTISCARE 240G,15.29,12.99,11/09,11/09,PEIXARIA,0,1,,
45906,"AMAC CONC DOWNY FRESCOR DE PRIMAVERA 1,5L",49.59,42.99,19/08,18/09,LIMPEZA,3501,0,,
46005,DESOD AERO DOVE MEN ENERGY BOOST 150ML,21.29,18.99,08/09,14/09,HIGIENE CORPORAL,1484,0,,
46162,CR DENT COLGATE LUMINOUS WHITE COLOR CORRECT 70G,15.79,9.90,01/09,15/09,CUIDADOS BUCAL,0,1,,
46163,ANTI-SEP COLGATE PLAX MELANCIA L500P350ML,23.29,11.90,01/09,15/09,CUIDADOS BUCAL,1455,0,,
46166,ANTI-SEP COLGATE PLAX ICE INFINITY 500X350ML,23.29,11.90,01/09,15/09,CUIDADOS BUCAL,1455,0,,
46276,ANTI-SEP COLGATE PLAX MELANCIA 250ML,17.29,7.90,01/09,15/09,CUIDADOS BUCAL,1458,0,,
46282,BAR PROT BOLD BOMBOM CROCANTE 60G,17.59,13.99,21/08,20/09,DIET / LIGHT,5633,0,,
46283,BAR PROT BOLD COOKIES E CREAM 60G,17.59,13.99,21/08,20/09,DIET / LIGHT,5633,1,,
46284,BAR PROT BOLD CRUNCH COOKIES E CREAM 60G,17.59,13.99,21/08,20/09,DIET / LIGHT,5633,0,,
46285,BAR PROT BOLD CRUNCH BRIGADEIRO 60G,17.59,13.99,21/08,20/09,DIET / LIGHT,5633,0,,
46286,BAR PROT BOLD CRUNCH PISTACHE 60G,17.59,13.99,21/08,20/09,DIET / LIGHT,5633,0,,
46287,BAR PROT BOLD DOCE DE LEITE 60G,17.59,13.99,21/08,20/09,DIET / LIGHT,5633,0,,
46288,BAR PROT BOLD PISTACHE 60G,17.59,13.99,21/08,20/09,DIET / LIGHT,5633,0,,
46289,BAR PROT BOLD TRUFA DE CHOC 60G,17.59,13.99,21/08,20/09,DIET / LIGHT,5633,0,,
46307,"LAVA ROUPAS UAU ACTIVE 1,7L",18.99,15.99,23/06,29/09,LIMPEZA,5665,1,,
46308,"LAVA ROUPAS UAU PERF COCO E VANILA 1,7L",18.99,15.99,23/06,29/09,LIMPEZA,5665,0,,
46377,BAR PROT BOLD MOUSSE MARACUJA 60G,17.59,13.99,21/08,20/09,DIET / LIGHT,5633,0,,
46420,SERUM PANTENE BAMBU 95ML,53.39,39.98,29/08,28/09,CUIDADOS COM O CABELO,0,1,,
46421,AMP PANTENE REESTRUTURACAO MOLECULAR 90ML,35.59,29.98,29/08,28/09,CUIDADOS COM O CABELO,0,1,,
46422,ESC DENT ORAL-B INCONIC ULTRAMACIA SUAVE,24.39,19.98,21/08,20/09,CUIDADOS BUCAL,0,1,,
46460,SAB PALMOLIVE NATURALS CAFE E OLEO DE AMENDOA 85G,3.29,1.85,01/09,15/09,HIGIENE CORPORAL,1853,0,,
46461,SAB PALMOLIVE NATURALS CAFE E OLEO DE AMENDOAS 150G,4.99,2.99,01/09,15/09,HIGIENE CORPORAL,1327,1,,
46462,SAB LIQ PROTEX ANTIB LIMPEZA PROFUNDA RF 200ML,13.69,9.49,01/09,15/09,HIGIENE CORPORAL,2466,1,,
46463,SAB LIQ PROTEX ANTIB LIMPEZA PROFUNDA 650ML,43.89,24.90,01/09,15/09,HIGIENE CORPORAL,4983,1,,
46465,SAB LIQ PROTEX ANTIB CREAM RF 200ML,13.69,9.49,01/09,15/09,HIGIENE CORPORAL,2466,0,,
46589,SAND IPANEMA BRASIL ANATOMICA BV709 PT/BR N35 A 40,34.69,27.99,08/09,30/09,CALCADOS,5677,0,,
46590,SAND IPANEMA BRASIL ANATOMICA BV710 BR/VD N35 A 40,34.69,27.99,08/09,30/09,CALCADOS,5677,0,,
46591,SAND IPANEMA BRASIL ANATOMICA BV711 MA/RS N35 A 40,34.69,27.99,08/09,30/09,CALCADOS,5677,0,,
46592,SAND IPANEMA BRASIL AN261 BR/RS N33 A 40,34.69,27.99,08/09,30/09,CALCADOS,5677,1,,
46593,SAND IPANEMA BRASIL BABY II AL738 AZ/BR 19-24,34.99,27.99,02/09,30/09,CALCADOS,5678,1,,
46594,SAND IPANEMA BRASIL BABY II CB200 RS 19-24,34.99,27.99,02/09,30/09,CALCADOS,5678,0,,
46595,SAND IPANEMA BRASIL BABY II CB201 AM/VD 19-24,34.99,27.99,02/09,30/09,CALCADOS,5678,0,,
46596,SAND IPANEMA BRASIL BF243 AZ ES/AZ N36 A 42,34.69,27.99,08/09,30/09,CALCADOS,5677,0,,
46597,SAND IPANEMA BRASIL INF CB170 AM/VD N23 A 32,34.69,27.99,02/09,30/09,CALCADOS,0,1,,
46598,SAND RIDER BRASIL MASC BV253 AZ/B N37 A 44,33.29,27.99,02/09,30/09,CALCADOS,5679,1,,
46599,SAND RIDER BRASIL MASC BV254 PT/B N37 A 44,33.29,27.99,02/09,30/09,CALCADOS,5679,0,,
46600,SAND RIDER BRASIL MASC BV255 BR/A N37 A 44,33.29,27.99,02/09,30/09,CALCADOS,5679,0,,
46601,SAND RIDER BRASIL MASC BV267 AZ/B N37 A 44,33.29,27.99,02/09,30/09,CALCADOS,5679,0,,
46671,ENERG MORMAII PET 2L,12.97,11.99,23/06,29/09,BEBIDAS,0,1,,
46714,SAB LIQ PALMOLIVE LUMINOUS OIL FIGO 200ML,10.99,4.90,01/09,15/09,HIGIENE CORPORAL,5759,0,,
46715,COND DARLING CACHOS 315ML,9.99,7.90,27/08,30/09,CUIDADOS COM O CABELO,5127,0,,
46717,CR DENT COLGATE TOTAL LIMPEZA PROF 90G,12.99,9.90,01/09,15/09,CUIDADOS BUCAL,1380,0,,
46718,CR DENT TANDY MELANCIA 50G,11.99,5.90,01/09,15/09,CUIDADOS BUCAL,1375,0,,
46721,SAB LIQ PALMOLIVE LUMINOUS OIL ABACATE IRIS RF 200ML,10.99,4.90,01/09,15/09,HIGIENE CORPORAL,5759,1,,
46724,SH DARLING CACHOS 315ML,9.49,7.90,27/08,30/09,CUIDADOS COM O CABELO,5128,0,,
46798,LAVA ROUPAS EVA VERDE 3L,14.49,12.99,12/08,11/09,LIMPEZA,5706,0,,
47073,CR PENT SEDA CACHOS DEFINIDOS 900G,38.29,32.99,08/09,14/09,CUIDADOS COM O CABELO,5740,1,,
47074,CR PENT SEDA FRUTILLY 900G,38.29,32.99,08/09,14/09,CUIDADOS COM O CABELO,5740,0,,
47075,CR PENT SEDA CHICABON 900G,38.29,32.99,08/09,14/09,CUIDADOS COM O CABELO,5740,0,,
47076,CR PENT SEDA CRESCIMENTO E FORCA 300ML,13.99,10.99,08/09,14/09,CUIDADOS COM O CABELO,1369,0,,
47077,SH SEDA CRESCIMENTO E FORCA 325ML,16.49,11.99,08/09,14/09,CUIDADOS COM O CABELO,2475,0,,
47078,COND SEDA CRESCIMENTO E FORCA 250ML,17.59,12.99,08/09,14/09,CUIDADOS COM O CABELO,2477,0,,
47082,SH SEDA MEGA CRESCIMENTO 300ML,16.49,11.99,08/09,14/09,CUIDADOS COM O CABELO,2475,0,,
47085,COND SEDA MEGA CRESCIMENTO 250ML,17.59,12.99,08/09,14/09,CUIDADOS COM O CABELO,2477,0,,
47086,CR PENT SEDA MEGA CRESCIMENTO 300ML,13.99,10.99,08/09,14/09,CUIDADOS COM O CABELO,1369,0,,
47205,ESC DENT ORAL-B CLEAN 123 C/4,15.39,13.99,21/08,20/09,CUIDADOS BUCAL,0,1,,
47244,CAVALINHA INT AZEVEDO PESCADOS 800G,9.99,8.99,11/09,11/09,PEIXARIA,0,1,,
47296,CR PENT SEDA MEGA CRESCIMENTO 900G,38.29,32.99,08/09,14/09,CUIDADOS COM O CABELO,5740,0,,
47297,CR PENT SEDA COLAGENO E VITAMINA C 900G,38.29,32.99,08/09,14/09,CUIDADOS COM O CABELO,5740,0,,
47332,COND PALMOLIVE BOND REPAIR 350G,11.99,7.90,09/09,30/09,CUIDADOS COM O CABELO,1401,0,,
47345,SAB LIQ PALMOLIVE SMOOTHIES ABACATE 250ML,18.49,12.90,01/09,15/09,HIGIENE CORPORAL,5769,0,,
47346,SAB LIQ PALMOLIVE SMOOTHIES IOGURTE 250ML,18.49,12.90,01/09,15/09,HIGIENE CORPORAL,5769,1,,
47395,ANTI-SEP COLGATE PLAX MELANCIA L750P500ML,16.99,14.90,01/09,15/09,CUIDADOS BUCAL,4808,0,,
115584,SH PALMOLIVE NATURALS CUIDADO ABSOLUTO 350ML,12.39,7.90,09/09,30/09,CUIDADOS COM O CABELO,1260,0,,
115592,COND PALMOLIVE CACAU 350G,11.99,7.90,09/09,30/09,CUIDADOS COM O CABELO,1401,0,,
116971,CR PENT SEDA BOOM TRANSICAO 295ML,13.99,10.99,08/09,14/09,CUIDADOS COM O CABELO,1369,0,,
118923,SH HEAD SHOULDERS DETOX 200ML,23.29,19.98,21/08,20/09,CUIDADOS COM O CABELO,1317,0,,
123315,FRANGO A PASSARINHO MAURICEA CONG 500G,6.59,5.99,10/09,14/09,AVES,0,1,,
123382,SH SEDA BABOSA 325ML,16.49,11.99,08/09,14/09,CUIDADOS COM O CABELO,2475,0,,
123390,COND SEDA BABOSA E OLEOS 325ML,17.59,12.99,08/09,14/09,CUIDADOS COM O CABELO,2477,0,,
123412,CR PENT SEDA BABOSA E OLEOS 300ML,13.99,10.99,08/09,14/09,CUIDADOS COM O CABELO,1369,0,,
125326,SAB PROTEX PROF ANT ESPINHAS 85G,3.89,2.79,01/09,15/09,HIGIENE CORPORAL,1332,0,,
125334,SAB PROTEX MACADAMIA 85G,3.89,2.79,01/09,15/09,HIGIENE CORPORAL,1332,0,,
134570,KIT PANTENE RECONSTRUCAO SH+COND,49.29,39.98,01/09,30/09,CUIDADOS COM O CABELO,3048,0,,
136611,"WAFER LACTA BIS BLACK 100,8G",9.19,5.99,10/09,30/09,BISCOITOS / BOLACHAS,4852,0,,
144894,SH PALMOLIVE BRILHO FASCINANTE 350ML,12.39,7.90,09/09,30/09,CUIDADOS COM O CABELO,1260,0,,
144908,SH PALMOLIVE HIDRATACAO INTENSA 350ML,12.39,7.90,09/09,30/09,CUIDADOS COM O CABELO,1260,0,,
144916,COND PALMOLIVE BRILHO FASCINANTE 325ML,11.99,7.90,09/09,30/09,CUIDADOS COM O CABELO,1401,0,,
145041,MAC INST CUP NOODLES LEGUMES 67G,5.49,2.99,02/09,10/09,MASSAS,303,1,,
146340,KIT PANTENE MICELLAR SH+COND,49.29,39.98,01/09,30/09,CUIDADOS COM O CABELO,3048,0,,
146706,SH SEDA MICELAR 325ML,16.49,11.99,08/09,14/09,CUIDADOS COM O CABELO,2475,0,,
146714,COND SEDA MICELAR 325ML,17.59,12.99,08/09,14/09,CUIDADOS COM O CABELO,2477,0,,
147532,SORV KIBON CREMOS CHOCOLATE+LEITE 4EM1 2L,42.49,27.90,04/09,30/09,FRIOS,4870,0,,
164860,COND PALMOLIVE PITAYA 350G,11.99,7.90,09/09,30/09,CUIDADOS COM O CABELO,1401,0,,
164879,SH PALMOLIVE PITAYA 350ML,12.39,7.90,09/09,30/09,CUIDADOS COM O CABELO,1260,0,,
172987,TIRA MANCHAS EM PO OMO EXTRA POD BR 380G,30.99,9.99,25/08,24/09,LIMPEZA,3753,1,,
180300,LING TOSCANA NATTO BACON 600G,19.69,15.99,11/09,11/09,SALGADOS / DEFUMADOS,0,1,,
180335,LING TOSCANA FRANGO NATTO TRADICIONAL 600G,17.19,14.99,11/09,11/09,SALGADOS / DEFUMADOS,0,1,,
184802,TIRA MANCHA EM PO OMO PODER COLORIDA 380G,30.99,9.99,25/08,24/09,LIMPEZA,3753,0,,
187011,PICOLE KIBON TABLITO PALITO 59G,10.49,4.99,03/09,30/09,FRIOS,0,1,,
193810,ABS ALWAYS BASICO SECA C ABAS 32UND,22.39,17.99,08/09,14/09,HIGIENE CORPORAL,3660,0,,
194506,SH PALMOLIVE NATURALS DETOX ENERGIZANTE 350ML,12.39,7.90,09/09,30/09,CUIDADOS COM O CABELO,1260,0,,
194514,COND PALMOLIVE NATURALS DETOX ENERGIZANTE 350ML,11.99,7.90,09/09,30/09,CUIDADOS COM O CABELO,1401,0,,
198021,SH SEDA BOMBA E COCO 325ML,16.49,11.99,08/09,14/09,CUIDADOS COM O CABELO,2475,0,,
198030,COND SEDA BOMBA E COCO 325ML,17.59,12.99,08/09,14/09,CUIDADOS COM O CABELO,2477,0,,
198048,COND PALMOLIVE COCO CACHEADO 350G,11.99,7.90,09/09,30/09,CUIDADOS COM O CABELO,1401,0,,
198056,SH PALMOLIVE COCO CACHEADO 350ML,12.39,7.90,09/09,30/09,CUIDADOS COM O CABELO,1260,0,,
200018,COND SEDA BAMBU E BIOTINA 325ML,17.59,12.99,08/09,14/09,CUIDADOS COM O CABELO,2477,0,,
200026,SH SEDA BAMBU E BIOTINA 325ML,16.49,11.99,08/09,14/09,CUIDADOS COM O CABELO,2475,0,,
505790,AMAC DOWNY CONC FRES DA PRIM 500ML,18.69,15.99,21/08,20/09,LIMPEZA,3500,0,,
506524,AMAC DOWNY CONC BRISA VERAO 500ML,18.69,15.99,21/08,20/09,LIMPEZA,3500,1,,
506532,AMAC DOWNY CONC LIRIOS DO CAMPO 500ML,18.69,15.99,21/08,20/09,LIMPEZA,3500,0,,
507660,ARROZ POP PARBOILIZADO 1KG,4.99,4.79,07/09,10/09,ACUCAR / ARROZ / GRAOS,0,1,,
522350,BEB LACT BETANIA BAT GUT AMEIXA 900ML,5.99,4.99,08/09,21/09,FRIOS,690,0,,
522376,BEB LACT BETANIA BAT GUT GRAVIOLA 900ML,5.99,4.99,08/09,21/09,FRIOS,690,0,,
523496,BISC MAIZENA CERES 330G,4.29,2.39,03/09,13/09,BISCOITOS / BOLACHAS,0,1,,
524298,BEB LACT BETANIA BAT GUT MORANGO 900ML,5.99,4.99,08/09,21/09,FRIOS,690,1,,
560260,ESPETINHO NATTO FRANGO TEMP CONG 800G,30.49,28.99,11/09,11/09,PRODUTOS PARA CHURRASCO,0,1,,
564486,FARINHA DE MANDIOCA DO SITIO 1KG,3.89,3.79,07/09,10/09,FARINHAS DE TRIGO / SOJA / MILHO,0,1,,
570621,FILEZINHO SASSAMI MAURICEA 1KG,25.69,20.99,10/09,14/09,AVES,0,1,,
582484,BEBIDA LACTEA FERM BETANIA AMEIXA MORANGO 540G,5.99,4.99,10/09,21/09,FRIOS,878,0,,
582581,BEBIDA LACTEA FERM BETANIA MORANGO 540G,5.99,4.99,10/09,21/09,FRIOS,878,1,,
583618,PICOLE KIBOM MAGNUM PALITO CLASSIC 74G,18.99,9.90,03/09,30/09,FRIOS,0,1,,
589055,IOG BETANIA YOBEM AMEIXA 800G,15.49,11.99,10/09,21/09,FRIOS,897,0,,
596264,MARGARINA PRIMOR C SAL 500G,6.59,5.99,10/09,14/09,FRIOS,0,1,,
613088,PILHA DURACEL ALCALINA AAA C 4UNIDADE,26.39,23.99,02/09,12/09,BRINQUEDOS / FERRAMENTAS,5532,1,,
613282,PILHA DURACEL ALCALINA AA C 4UND,26.39,23.99,02/09,12/09,BRINQUEDOS / FERRAMENTAS,5532,0,,
618187,POLPA DE FRUTA FRUTA PLUSS CAJA 400G,8.49,6.79,10/09,20/09,FRIOS,0,1,,
618217,POLPA DE FRUTA FRUTA PLUSS CAJU 400G,5.19,3.99,10/09,20/09,FRIOS,0,1,,
641537,SAND HAVAIANAS BRASIL AZUL NAVAL 37 8,51.89,42.99,08/09,14/09,CALCADOS,1093,0,,
641588,SAND HAVAIANAS BRASIL AZUL NAVAL 39 0,51.89,42.99,08/09,14/09,CALCADOS,1093,0,,
641677,SAND HAVAIANAS BRASIL AZUL NAVAL 43 4,51.89,42.99,08/09,14/09,CALCADOS,1093,0,,
652563,SAND HAVAIANAS BRASIL AZUL NAVAL 35 6,51.89,42.99,08/09,14/09,CALCADOS,1093,0,,
652628,SAND HAVAIANAS COLOR AZUL NAVAL 43 4,19.49,15.99,08/09,14/09,CALCADOS,1118,0,,
652881,SAND HAVAIANAS COLOR CAFE 37 8,19.49,15.99,08/09,14/09,CALCADOS,1118,0,,
652962,SAND HAVAIANAS COLOR PTO 43 4,19.49,15.99,08/09,14/09,CALCADOS,1118,0,,
652997,SAND HAVAIANAS COLOR PTO 35 6,19.49,15.99,08/09,14/09,CALCADOS,1118,0,,
653020,SAND HAVAIANAS COLOR PTO 37 8,19.49,15.99,08/09,14/09,CALCADOS,1118,0,,
653047,SAND HAVAIANAS COLOR PTO 39 0,19.49,15.99,08/09,14/09,CALCADOS,1118,0,,
653063,SAND HAVAIANAS COLOR PTO 41 2,19.49,15.99,08/09,14/09,CALCADOS,1118,1,,
656828,SAND HAVAIANAS BRASIL BCO 35 6,51.89,42.99,08/09,14/09,CALCADOS,1093,0,,
656860,SAND HAVAIANAS BRASIL BCO 37 8,51.89,42.99,08/09,14/09,CALCADOS,1093,1,,
656887,SAND HAVAIANAS BRASIL BCO 39 0,51.89,42.99,08/09,14/09,CALCADOS,1093,0,,
656917,SAND HAVAIANAS BRASIL BCO 41 2,51.89,42.99,08/09,14/09,CALCADOS,1093,0,,
656933,SAND HAVAIANAS BRASIL BCO 43 4,51.89,42.99,08/09,14/09,CALCADOS,1093,0,,
657662,SAND HAVAIANAS COLOR AZUL NAVAL 35 6,19.49,15.99,08/09,14/09,CALCADOS,1118,0,,
657697,SAND HAVAIANAS COLOR AZUL NAVAL 39 0,19.49,15.99,08/09,14/09,CALCADOS,1118,0,,
658014,SAND HAVAIANAS COLOR PTO 45 6,19.49,15.99,08/09,14/09,CALCADOS,1118,0,,
664731,SAND HAVAIANAS COLOR AZUL NAVAL 41 2,19.49,15.99,08/09,14/09,CALCADOS,1118,0,,
664766,SAND HAVAIANAS COLOR BCO 35 6,19.49,15.99,08/09,14/09,CALCADOS,1118,0,,
664804,SAND HAVAIANAS COLOR BCO 41 2,19.49,15.99,08/09,14/09,CALCADOS,1118,0,,
694843,ESC DENT SORRISO ORIGINAL DR,5.69,2.90,01/09,15/09,CUIDADOS BUCAL,4962,0,,
694967,ESC DENT SORRISO ORIGINAL MD,5.69,2.90,01/09,15/09,CUIDADOS BUCAL,4962,0,,
697176,SH PALMOLIVE NATURALS ANTI-ARMADO 350ML,12.39,7.90,09/09,30/09,CUIDADOS COM O CABELO,1260,0,,
697435,SH PALMOLIVE NATURALS NEUTRO 350ML,12.39,7.90,09/09,30/09,CUIDADOS COM O CABELO,1260,0,,
701890,SAB PALMOLIVE NATURALS NUTRE E HIDRATA 150G,4.99,2.99,01/09,15/09,HIGIENE CORPORAL,1327,0,,
701920,SAB PALMOLIVE NATURALS NUTRICAO INTENSIVA 150G,4.99,2.99,01/09,15/09,HIGIENE CORPORAL,1327,0,,
701963,SAB PALMOLIVE NATURALS HIDRATACAO SAUDAVEL 150G,4.99,2.99,01/09,15/09,HIGIENE CORPORAL,1327,0,,
701998,SAB PALMOLIVE NATURALS HIDRATACAO INTENSIVA 85G,3.29,1.85,01/09,15/09,HIGIENE CORPORAL,1853,0,,
702005,SAB PALMOLIVE NATURALS HIDRATACAO SAUDAVEL 85G,3.29,1.85,01/09,15/09,HIGIENE CORPORAL,1853,1,,
704709,SH PALMOLIVE CACHOS CONTROL 350ML,12.39,7.90,09/09,30/09,CUIDADOS COM O CABELO,1260,0,,
704725,SH PALMOLIVE NATURALS CERAMIDAS FORCE 350ML,12.39,7.90,09/09,30/09,CUIDADOS COM O CABELO,1260,0,,
704768,SH PALMOLIVE NATURALS ILUMINADOR PRETO 350ML,12.39,7.90,09/09,30/09,CUIDADOS COM O CABELO,1260,0,,
704873,SH PALMOLIVE NATURALS NUTRI LIS LISS 350ML,12.39,7.90,09/09,30/09,CUIDADOS COM O CABELO,1260,0,,
704954,SH PALMOLIVE NATURALS REPARACAO GELEIA REA 350ML,12.39,7.90,09/09,30/09,CUIDADOS COM O CABELO,1260,0,,
712590,SH DOVE RECONSTRUCAO COMPLETA 200ML,22.69,9.99,12/08,30/09,CUIDADOS COM O CABELO,1475,0,,
712868,COND TRESEMME HIDRATACAO PROFUNDA 400ML,33.49,19.99,25/08,30/09,CUIDADOS COM O CABELO,1878,0,,
714291,SH HEAD SHOULDERS ANTI-COCEIRA 200ML,23.29,19.98,21/08,20/09,CUIDADOS COM O CABELO,1317,0,,
714348,SH HEAD SHOULDERS HIDRATACAO 200ML,23.29,19.98,21/08,20/09,CUIDADOS COM O CABELO,1317,0,,
714372,SH HEAD SHOULDERS HOMEM PREVENCAO QUEDA 200ML,23.29,19.98,21/08,20/09,CUIDADOS COM O CABELO,1317,0,,
714445,SH HEAD SHOULDERS MENTHA REFRESCANTE 200ML,23.29,19.98,21/08,20/09,CUIDADOS COM O CABELO,1317,0,,
715441,ESC DENT COLGATE CLASSIC CLEAN MC,7.39,4.90,01/09,15/09,CUIDADOS BUCAL,1320,0,,
715468,ESC DENT COLGATE CLASSIC CLEAN MD,7.39,4.90,01/09,15/09,CUIDADOS BUCAL,1320,1,,
717720,SAB PALMOLIVE NATURALS NUTRICAO CREMOSA 150G,4.99,2.99,01/09,15/09,HIGIENE CORPORAL,1327,0,,
718122,SAB PROTEX SUAVE 85G,3.89,2.79,01/09,15/09,HIGIENE CORPORAL,1332,0,,
718130,SAB PROTEX BALANCE SAUDAVEL 85G,3.89,2.79,01/09,15/09,HIGIENE CORPORAL,1332,1,,
718211,SAB PROTEX ALOE 85G,3.89,2.79,01/09,15/09,HIGIENE CORPORAL,1332,0,,
718351,SAB PROTEX AVEIA 85G,3.89,2.79,01/09,15/09,HIGIENE CORPORAL,1332,0,,
718386,SAB PROTEX CREAM 85G,3.89,2.79,01/09,15/09,HIGIENE CORPORAL,1332,0,,
718475,SAB PROTEX LIMPEZA PROFUNDA 85G,3.89,2.79,01/09,15/09,HIGIENE CORPORAL,1332,0,,
718491,SAB PROTEX PROPOLIS 85G,3.89,2.79,01/09,15/09,HIGIENE CORPORAL,1332,0,,
725544,COND PALMOLIVE NATURALS MACIEZ PROLONGADA 350ML,11.99,7.90,09/09,30/09,CUIDADOS COM O CABELO,1401,1,,
725838,COND PALMOLIVE NATURALS NEUTRO 350ML,11.99,7.90,09/09,30/09,CUIDADOS COM O CABELO,1401,0,,
725862,COND PALMOLIVE NATURALS NUTRI -LIS 350ML,11.99,7.90,09/09,30/09,CUIDADOS COM O CABELO,1401,0,,
728675,CR PENT SEDA CACHOS COMPORTADOS 300ML,13.99,10.99,08/09,14/09,CUIDADOS COM O CABELO,1369,1,,
728691,CR PENT SEDA CERAMIDAS 300ML,13.99,10.99,08/09,14/09,CUIDADOS COM O CABELO,1369,0,,
729809,CR DENT COLGATE TOTAL WHITENING 90G,12.99,9.90,01/09,15/09,CUIDADOS BUCAL,1380,0,,
730203,CR DENT SORRISO DENTES BRANCOS 180G,9.39,6.99,19/08,18/09,CUIDADOS BUCAL,0,1,,
730416,CR DENT TANDY MORANGO 50G,12.69,5.90,01/09,15/09,CUIDADOS BUCAL,1375,1,,
730432,CR DENT TANDY TUTTI-FRUTI 50G,12.69,5.90,01/09,15/09,CUIDADOS BUCAL,1375,0,,
730459,CR DENT TANDY UVA 50G,12.69,5.90,01/09,15/09,CUIDADOS BUCAL,1375,0,,
730734,CR DENT COLGATE TOTAL ADVANCED FRESH 90G,12.99,9.90,01/09,15/09,CUIDADOS BUCAL,1380,0,,
730866,CR DENT COLGATE TOTAL  CLEAN MINT 90G,12.99,9.90,01/09,15/09,CUIDADOS BUCAL,1380,0,,
737461,COND PALMOLIVE NATURALS CERAMIDAS FORCE 350ML,11.99,7.90,09/09,30/09,CUIDADOS COM O CABELO,1401,0,,
746479,CR PENT SEDA LISO PERFEITO 300G,13.99,10.99,08/09,14/09,CUIDADOS COM O CABELO,1369,0,,
746533,CR PENT SEDA PRETO LUMINOSOS 300ML,13.99,10.99,08/09,14/09,CUIDADOS COM O CABELO,1369,0,,
748978,HID PANTENE CACHOS 270ML,48.69,29.97,29/08,28/09,CUIDADOS COM O CABELO,5527,0,,
749044,HID PANTENE LISO EXTREMO 270ML,48.69,29.97,29/08,28/09,CUIDADOS COM O CABELO,5527,0,,
749060,HID PANTENE HIDRATACAO 270ML,48.69,29.97,29/08,28/09,CUIDADOS COM O CABELO,5527,1,,
754706,ANTI-SEP COLGATE PLAX FRESH MINT L500P350ML,23.29,11.90,01/09,15/09,CUIDADOS BUCAL,1455,1,,
754820,ANTI-SEP COLGATE PLAX ICE L500P350ML,23.29,11.90,01/09,15/09,CUIDADOS BUCAL,1455,0,,
755117,ANTI-SEP COLGATE PLAX CLASSIC 250ML,17.29,7.90,01/09,15/09,CUIDADOS BUCAL,1458,0,,
755125,ANTI-SEP COLGATE PLAX CLASSIC L500P350ML,23.29,11.90,01/09,15/09,CUIDADOS BUCAL,1455,0,,
755249,ANTI-SEP COLGATE PLAX FRESH MINT 250ML,17.29,7.90,01/09,15/09,CUIDADOS BUCAL,1458,1,,
755508,ANTI-SEP COLGATE PLAX ICE 250ML,17.29,7.90,01/09,15/09,CUIDADOS BUCAL,1458,0,,
755613,ANTI-SEP COLGATE PLAX SOF MIN L500P350ML,23.29,11.90,01/09,15/09,CUIDADOS BUCAL,1455,0,,
755737,ANTI-SEP COLGATE PLAX KIDS AGNES 250ML,19.98,12.99,19/08,18/09,CUIDADOS BUCAL,4948,0,,
755982,CR PENT SEDA CRESCIMENTO 300ML,13.99,10.99,08/09,14/09,CUIDADOS COM O CABELO,1369,0,,
759457,COND TRESEMME LISO KERATINA 400ML,33.49,19.99,25/08,30/09,CUIDADOS COM O CABELO,1878,0,,
759546,COND TRESEMME RECONSTRUCAO 400ML,33.49,19.99,25/08,30/09,CUIDADOS COM O CABELO,1878,0,,
760560,SH DOVE CONTROLE DE QUEDA 200ML,22.69,9.99,12/08,30/09,CUIDADOS COM O CABELO,1475,0,,
760919,SH DOVE NUTRICAO + TRI OLEOS 200ML,22.69,9.99,12/08,30/09,CUIDADOS COM O CABELO,1475,0,,
762857,COND DOVE CONTROLE DE QUEDA 200ML,26.99,9.99,12/08,30/09,CUIDADOS COM O CABELO,1480,0,,
763080,COND DOVE RECONSTRUCAO COMPLETA 200ML,26.99,9.99,12/08,30/09,CUIDADOS COM O CABELO,1480,0,,
763152,COND DOVE OLEO NUTRICAO 200ML,26.99,9.99,12/08,30/09,CUIDADOS COM O CABELO,1480,0,,
763314,AP BARB GILLETTE MACH3 REG BA,41.59,19.98,24/08,19/09,HIGIENE CORPORAL,0,1,,
763330,AP BARB GILLETTE MACH3 SENSITIVE,41.99,19.98,24/08,19/09,HIGIENE CORPORAL,0,1,,
764124,DESOD AERO DOVE ORIGINAL 150ML,21.29,18.99,08/09,14/09,HIGIENE CORPORAL,1484,1,,
764175,DESOD AERO DOVE BEAUTY FINISH 150ML,21.29,18.99,08/09,14/09,HIGIENE CORPORAL,1484,0,,
764329,DESOD AERO DOVE GO FRESH PEPINO 150ML,21.29,18.99,08/09,14/09,HIGIENE CORPORAL,1484,0,,
764418,DESOD AERO DOVE INVISIBLE DRY 150ML,21.29,18.99,08/09,14/09,HIGIENE CORPORAL,1484,0,,
764450,DESOD AERO DOVE MEN CLEAN CONFORT 150ML,21.29,18.99,08/09,14/09,HIGIENE CORPORAL,1484,0,,
764485,DESOD AERO DOVE MEN SPORTS ACTIVE FRESH 150ML,21.29,18.99,08/09,14/09,HIGIENE CORPORAL,1484,0,,
794244,COND PALMOLIVE CACHOS LIVRES 350G,11.99,7.90,09/09,30/09,CUIDADOS COM O CABELO,1401,0,,
794341,COND PALMOLIVE NATURALS ILUMINADOR PRETO 350ML,11.99,7.90,09/09,30/09,CUIDADOS COM O CABELO,1401,0,,
794503,COND PALMOLIVE NATURALS REPARACAO GELEIA REAL 350ML,11.99,7.90,09/09,30/09,CUIDADOS COM O CABELO,1401,0,,
794511,COND PALMOLIVE NATRUALS ANTI ARMARD 350ML,11.99,7.90,09/09,30/09,CUIDADOS COM O CABELO,1401,0,,
801097,SH TRESEMME HIDRATACAO PROFUNDA 400ML,33.39,19.99,25/08,30/09,CUIDADOS COM O CABELO,1593,0,,
801100,SH TRESEMME LISO KERATINA 400ML,33.39,19.99,25/08,30/09,CUIDADOS COM O CABELO,1593,0,,
804487,SAB PROTEX VITAMINA E 85G,3.89,2.79,01/09,15/09,HIGIENE CORPORAL,1332,0,,
806471,SH TRESEMME CACHOS DEFINIDOS 400ML,33.39,19.99,25/08,30/09,CUIDADOS COM O CABELO,1593,0,,
806560,SH TRESEMME RECONSTRUCAO 400ML,33.39,19.99,25/08,30/09,CUIDADOS COM O CABELO,1593,0,,
812412,PAO PLUSVITA DE FORMA ORIGINAL 480G,13.49,9.99,04/09,13/09,PADARIA,0,1,,
813532,ESC DENT SORRISO ORIGINAL MC,5.69,2.90,01/09,15/09,CUIDADOS BUCAL,4962,1,,
816108,IOG BETANIA YOBEM MORANGO 800G,15.49,11.99,10/09,21/09,FRIOS,897,1,,
817554,COND DARLING TILIA 350ML,10.79,7.90,27/08,30/09,CUIDADOS COM O CABELO,5127,1,,
818194,COND TRESEMME CACHOS DEFINIDOS 400ML,33.49,19.99,25/08,30/09,CUIDADOS COM O CABELO,1878,0,,
819611,DESOD AERO DOVE MEN SEM PERFUME 150ML,21.29,18.99,08/09,14/09,HIGIENE CORPORAL,1484,0,,
827916,SORV KIBON CREMOS NAPOLITANO ESPECIAL 2L,42.49,27.90,04/09,30/09,FRIOS,4870,0,,
830976,ANTI-SEP COLGATE PLAX SOFT MINT 250ML,17.29,7.90,01/09,15/09,CUIDADOS BUCAL,1458,0,,
833525,CR TRAT TRESEMME HID PROFUNDA 400G,34.29,19.99,25/08,30/09,CUIDADOS COM O CABELO,1687,0,,
836010,SH PALMOLIVE NATURALS MACIEZ PROLONGADA 350ML,12.39,7.90,09/09,30/09,CUIDADOS COM O CABELO,1260,0,,
857670,CR TRAT TRESEMME RECONSTRUCAO INTENSA 400G,34.29,19.99,25/08,30/09,CUIDADOS COM O CABELO,1687,0,,
859451,SAND HAVAIANAS COLOR BCO 45 6,19.49,15.99,08/09,14/09,CALCADOS,1118,0,,
860956,SAB PROTEX MEN ENERGY 85G,3.89,2.79,01/09,15/09,HIGIENE CORPORAL,1332,0,,
870390,SAB PROTEX MEN SPORT 85G,3.89,2.79,01/09,15/09,HIGIENE CORPORAL,1332,0,,
874078,SAB PALMOLIVE NATURALS ESFOLIACAO SUAVE 150G,4.99,2.99,01/09,15/09,HIGIENE CORPORAL,1327,0,,
875660,CR PENT SEDA KERAFORCE ORIGINAL 300ML,13.99,10.99,08/09,14/09,CUIDADOS COM O CABELO,1369,0,,
891860,SAB PALMOLIVE COCO E ALGODAO 85G,3.29,1.85,01/09,15/09,HIGIENE CORPORAL,1853,0,,
905330,SH TRESEMME INFUSAO DE QUERATINA 400ML,33.39,19.99,25/08,30/09,CUIDADOS COM O CABELO,1593,0,,
908592,SAND HAVAIANAS COLOR CAFE 39 0,19.49,15.99,08/09,14/09,CALCADOS,1118,0,,
924806,COND TRESEMME TRESPLEX 400ML,33.49,19.99,25/08,30/09,CUIDADOS COM O CABELO,1878,0,,
924822,SH TRESEMME TRESPLEX 400ML,33.39,19.99,25/08,30/09,CUIDADOS COM O CABELO,1593,0,,
927988,CR PENT SEDA OLEO HIDRATACAO 300ML,13.99,10.99,08/09,14/09,CUIDADOS COM O CABELO,1369,0,,
928046,CR TRAT TRESEMME TRESPLEX 400G,34.29,19.99,25/08,30/09,CUIDADOS COM O CABELO,1687,0,,
928364,SH PALMOLIVE NATURALS HIDRATACAO LUMINOSA 350ML,12.39,7.90,09/09,30/09,CUIDADOS COM O CABELO,1260,0,,
936243,DESOD AERO DOVE MEN INVISIBLE DRY 150ML,21.29,18.99,08/09,14/09,HIGIENE CORPORAL,1484,0,,
937428,COND PALMOLIVE OLEO ARGAN 350ML,11.99,7.90,09/09,30/09,CUIDADOS COM O CABELO,1401,0,,
941387,PAO PLUSVITA INTEGRAL 480G,11.49,9.99,04/09,13/09,PADARIA,0,1,,
949876,SAB PROTEX OMEGA 3 85G,3.89,2.79,01/09,15/09,HIGIENE CORPORAL,1332,0,,
951544,SAB PALMOLIVE NATURALS SENSACAO LUMINOSA 85G,3.29,1.85,01/09,15/09,HIGIENE CORPORAL,1853,0,,
952478,CR PENT SEDA HIDRATACAO ANTI-NOS 300ML,13.99,10.99,08/09,14/09,CUIDADOS COM O CABELO,1369,0,,
953687,COND PALMOLIVE LONGO SEDUTOR 350ML,11.99,7.90,09/09,30/09,CUIDADOS COM O CABELO,1401,0,,
953695,SAB PALMOLIVE NATURALS SEGREDO SEDUTOR 85G,2.69,1.85,01/09,15/09,HIGIENE CORPORAL,1853,0,,
953709,SAB PALMOLIVE NATURALS SEGREDO SEDUTOR 150G,4.99,2.99,01/09,15/09,HIGIENE CORPORAL,1327,0,,
958000,BEB LACT BETANIA BAT GUT SAL FRUTAS 900ML,5.99,4.99,08/09,21/09,FRIOS,690,0,,
995240,SH HEAD SHOULDERS MEN 3X1 200ML,23.29,19.98,21/08,20/09,CUIDADOS COM O CABELO,1317,1,,
996114,SH HEAD SHOULDERS MACA 200ML,23.29,19.98,21/08,20/09,CUIDADOS COM O CABELO,1317,0,,
997757,ESC DENT COLGATE CLASSIC CLEAN L3P2,17.69,11.90,01/09,15/09,CUIDADOS BUCAL,0,1,,
999601,IOG BETANIA YOBEM PAPAIA C LIN 800G,15.49,11.99,10/09,21/09,FRIOS,897,0,,
