codigo,id_loja,precovenda,secao
13332,1,6.2900,FRIOS
13332,2,6.2900,FRIOS
13332,3,6.2900,FRIOS
13332,5,6.2900,FRIOS
13332,8,6.2900,FRIOS
13332,9,6.2900,FRIOS
15529,1,2.9900,"BISCOITOS / BOLACHAS"
15529,2,2.9900,"BISCOITOS / BOLACHAS"
15529,3,2.9900,"BISCOITOS / BOLACHAS"
15529,5,2.9900,"BISCOITOS / BOLACHAS"
15529,8,2.9900,"BISCOITOS / BOLACHAS"
15529,9,2.9900,"BISCOITOS / BOLACHAS"
19680,1,6.3900,LIMPEZA
19680,2,6.3900,LIMPEZA
19680,3,6.3900,LIMPEZA
19680,5,6.3900,LIMPEZA
19680,8,6.3900,LIMPEZA
19680,9,6.3900,LIMPEZA
22084,1,1.5900,"ACHOCOLATADOS / LEITES"
22084,2,1.5900,"ACHOCOLATADOS / LEITES"
22084,3,1.5900,"ACHOCOLATADOS / LEITES"
22084,5,1.5900,"ACHOCOLATADOS / LEITES"
22084,8,1.5900,"ACHOCOLATADOS / LEITES"
22084,9,1.5900,"ACHOCOLATADOS / LEITES"
22744,1,3.9900,BOMBONIERE
22744,2,3.9900,BOMBONIERE
22744,3,3.9900,BOMBONIERE
22744,5,3.9900,BOMBONIERE
22744,8,3.9900,BOMBONIERE
22744,9,3.9900,BOMBONIERE
26087,1,1.1900,"FARINHAS DE TRIGO / SOJA / MILHO"
26087,2,1.1900,"FARINHAS DE TRIGO / SOJA / MILHO"
26087,3,1.1900,"FARINHAS DE TRIGO / SOJA / MILHO"
26087,5,1.1900,"FARINHAS DE TRIGO / SOJA / MILHO"
26087,8,1.1900,"FARINHAS DE TRIGO / SOJA / MILHO"
26087,9,1.1900,"FARINHAS DE TRIGO / SOJA / MILHO"
26511,1,1.2900,"FARINHAS DE TRIGO / SOJA / MILHO"
26511,2,1.2900,"FARINHAS DE TRIGO / SOJA / MILHO"
26511,3,1.2900,"FARINHAS DE TRIGO / SOJA / MILHO"
26511,5,1.2900,"FARINHAS DE TRIGO / SOJA / MILHO"
26511,8,1.2900,"FARINHAS DE TRIGO / SOJA / MILHO"
26511,9,1.2900,"FARINHAS DE TRIGO / SOJA / MILHO"
28578,1,0.8900,FRIOS
28578,2,0.8900,FRIOS
28578,3,0.8900,FRIOS
28578,5,0.8900,FRIOS
28578,8,0.8900,FRIOS
28578,9,0.8900,FRIOS
29306,1,4.6900,"BISCOITOS / BOLACHAS"
29306,2,4.6900,"BISCOITOS / BOLACHAS"
29306,3,4.6900,"BISCOITOS / BOLACHAS"
29306,5,4.6900,"BISCOITOS / BOLACHAS"
29306,8,4.4900,"BISCOITOS / BOLACHAS"
29306,9,4.6900,"BISCOITOS / BOLACHAS"
29337,1,1.2900,BEBIDAS
29337,2,1.2900,BEBIDAS
29337,3,1.2900,BEBIDAS
29337,5,1.2900,BEBIDAS
29337,8,1.2900,BEBIDAS
29337,9,1.2900,BEBIDAS
31636,1,1.9900,"BISCOITOS / BOLACHAS"
31636,2,1.9900,"BISCOITOS / BOLACHAS"
31636,3,1.9900,"BISCOITOS / BOLACHAS"
31636,5,1.9900,"BISCOITOS / BOLACHAS"
31636,8,1.9900,"BISCOITOS / BOLACHAS"
31636,9,1.9900,"BISCOITOS / BOLACHAS"
32335,1,1.4900,"BISCOITOS / BOLACHAS"
32335,2,1.4900,"BISCOITOS / BOLACHAS"
32335,3,1.4900,"BISCOITOS / BOLACHAS"
32335,5,1.4900,"BISCOITOS / BOLACHAS"
32335,8,1.4900,"BISCOITOS / BOLACHAS"
32335,9,1.4900,"BISCOITOS / BOLACHAS"
32724,1,2.1900,"ACHOCOLATADOS / LEITES"
32724,2,2.1900,"ACHOCOLATADOS / LEITES"
32724,3,2.1900,"ACHOCOLATADOS / LEITES"
32724,5,2.1900,"ACHOCOLATADOS / LEITES"
32724,8,2.1900,"ACHOCOLATADOS / LEITES"
32724,9,2.1900,"ACHOCOLATADOS / LEITES"
33487,1,0.9700,BEBIDAS
33487,2,0.9700,BEBIDAS
33487,3,0.9700,BEBIDAS
33487,5,0.9700,BEBIDAS
33487,8,0.9700,BEBIDAS
33487,9,0.9700,BEBIDAS
34064,1,2.9900,BEBIDAS
34064,2,2.9900,BEBIDAS
34064,3,2.9900,BEBIDAS
34064,5,2.9900,BEBIDAS
34064,8,2.9900,BEBIDAS
34064,9,2.9900,BEBIDAS
35299,1,3.7900,"BISCOITOS / BOLACHAS"
35299,2,3.7900,"BISCOITOS / BOLACHAS"
35299,3,3.7900,"BISCOITOS / BOLACHAS"
35299,5,3.7900,"BISCOITOS / BOLACHAS"
35299,8,3.7900,"BISCOITOS / BOLACHAS"
35299,9,3.7900,"BISCOITOS / BOLACHAS"
35533,1,2.9900,MASSAS
35533,2,2.9900,MASSAS
35533,3,2.9900,MASSAS
35533,5,2.9900,MASSAS
35533,8,2.9900,MASSAS
35533,9,2.9900,MASSAS
37422,1,5.9900,BOMBONIERE
37422,2,5.9900,BOMBONIERE
37422,3,5.9900,BOMBONIERE
37422,5,5.9900,BOMBONIERE
37422,8,5.9900,BOMBONIERE
37422,9,5.9900,BOMBONIERE
37790,1,5.4900,"BISCOITOS / BOLACHAS"
37790,2,5.4900,"BISCOITOS / BOLACHAS"
37790,3,5.4900,"BISCOITOS / BOLACHAS"
37790,5,5.4900,"BISCOITOS / BOLACHAS"
37790,8,5.4900,"BISCOITOS / BOLACHAS"
37790,9,5.4900,"BISCOITOS / BOLACHAS"
37866,1,1.9900,"BISCOITOS / BOLACHAS"
37866,2,1.9900,"BISCOITOS / BOLACHAS"
37866,3,1.9900,"BISCOITOS / BOLACHAS"
37866,5,1.9900,"BISCOITOS / BOLACHAS"
37866,8,1.9900,"BISCOITOS / BOLACHAS"
37866,9,1.9900,"BISCOITOS / BOLACHAS"
38102,1,4.0900,"UTILIDADE DOMESTICA"
38102,2,4.0900,"UTILIDADE DOMESTICA"
38102,3,4.0900,"UTILIDADE DOMESTICA"
38102,5,4.0900,"UTILIDADE DOMESTICA"
38102,8,4.0900,"UTILIDADE DOMESTICA"
38102,9,4.0900,"UTILIDADE DOMESTICA"
39205,1,0.8900,BEBIDAS
39205,2,0.8900,BEBIDAS
39205,3,0.8900,BEBIDAS
39205,5,0.8900,BEBIDAS
39205,8,0.8900,BEBIDAS
39205,9,0.8900,BEBIDAS
39433,1,2.3900,BOMBONIERE
39433,2,2.3900,BOMBONIERE
39433,3,2.3900,BOMBONIERE
39433,5,2.3900,BOMBONIERE
39433,8,2.3900,BOMBONIERE
39433,9,2.3900,BOMBONIERE
40408,1,2.4900,MASSAS
40408,2,2.4900,MASSAS
40408,3,2.4900,MASSAS
40408,5,2.4900,MASSAS
40408,8,2.4900,MASSAS
40408,9,2.4900,MASSAS
40411,1,7.6900,"BISCOITOS / BOLACHAS"
40411,2,7.6900,"BISCOITOS / BOLACHAS"
40411,3,7.6900,"BISCOITOS / BOLACHAS"
40411,5,7.6900,"BISCOITOS / BOLACHAS"
40411,8,7.6900,"BISCOITOS / BOLACHAS"
40411,9,7.6900,"BISCOITOS / BOLACHAS"
40950,1,7.3900,LIMPEZA
40950,2,7.3900,LIMPEZA
40950,3,7.3900,LIMPEZA
40950,5,7.3900,LIMPEZA
40950,8,7.3900,LIMPEZA
40950,9,7.3900,LIMPEZA
42434,1,5.4900,"CAFE / CHA"
42434,2,5.4900,"CAFE / CHA"
42434,3,5.4900,"CAFE / CHA"
42434,5,5.4900,"CAFE / CHA"
42434,8,5.4900,"CAFE / CHA"
42434,9,5.4900,"CAFE / CHA"
43959,1,1.1900,"ATOMATADOS / MAIONESE / MOSTARDA"
43959,2,1.1900,"ATOMATADOS / MAIONESE / MOSTARDA"
43959,3,1.1900,"ATOMATADOS / MAIONESE / MOSTARDA"
43959,5,1.1900,"ATOMATADOS / MAIONESE / MOSTARDA"
43959,8,1.1900,"ATOMATADOS / MAIONESE / MOSTARDA"
43959,9,1.1900,"ATOMATADOS / MAIONESE / MOSTARDA"
44443,1,2.4900,BOMBONIERE
44443,2,2.4900,BOMBONIERE
44443,3,2.4900,BOMBONIERE
44443,5,2.4900,BOMBONIERE
44443,8,1.9900,BOMBONIERE
44443,9,2.4900,BOMBONIERE
45426,1,4.4900,BOMBONIERE
45426,2,4.4900,BOMBONIERE
45426,3,4.4900,BOMBONIERE
45426,5,4.4900,BOMBONIERE
45426,8,4.4900,BOMBONIERE
45426,9,4.4900,BOMBONIERE
45879,1,11.9900,BOMBONIERE
45879,2,11.9900,BOMBONIERE
45879,3,11.9900,BOMBONIERE
45879,5,11.9900,BOMBONIERE
45879,8,11.9900,BOMBONIERE
45879,9,11.9900,BOMBONIERE
46222,1,4.2900,BOMBONIERE
46222,2,4.2900,BOMBONIERE
46222,3,4.2900,BOMBONIERE
46222,5,4.2900,BOMBONIERE
46222,8,4.2900,BOMBONIERE
46222,9,4.2900,BOMBONIERE
46481,1,1.9900,BOMBONIERE
46481,2,1.9900,BOMBONIERE
46481,3,1.9900,BOMBONIERE
46481,5,1.9900,BOMBONIERE
46481,8,1.9900,BOMBONIERE
46481,9,1.9900,BOMBONIERE
46891,1,2.7500,"BISCOITOS / BOLACHAS"
46891,2,2.7500,"BISCOITOS / BOLACHAS"
46891,3,2.7500,"BISCOITOS / BOLACHAS"
46891,5,2.7500,"BISCOITOS / BOLACHAS"
46891,8,2.7500,"BISCOITOS / BOLACHAS"
46891,9,2.7500,"BISCOITOS / BOLACHAS"
125563,1,5.2900,"UTILIDADE DOMESTICA"
125563,2,5.2900,"UTILIDADE DOMESTICA"
125563,3,5.2900,"UTILIDADE DOMESTICA"
125563,5,5.2900,"UTILIDADE DOMESTICA"
125563,8,5.2900,"UTILIDADE DOMESTICA"
125563,9,5.2900,"UTILIDADE DOMESTICA"
172928,1,4.9900,BOMBONIERE
172928,2,4.9900,BOMBONIERE
172928,3,4.9900,BOMBONIERE
172928,5,4.9900,BOMBONIERE
172928,8,4.9900,BOMBONIERE
172928,9,4.9900,BOMBONIERE
523488,1,1.3900,"ACHOCOLATADOS / LEITES"
523488,2,1.3900,"ACHOCOLATADOS / LEITES"
523488,3,1.3900,"ACHOCOLATADOS / LEITES"
523488,5,1.3900,"ACHOCOLATADOS / LEITES"
523488,8,1.3900,"ACHOCOLATADOS / LEITES"
523488,9,1.3900,"ACHOCOLATADOS / LEITES"
537764,1,5.9900,BEBIDAS
537764,2,5.9900,BEBIDAS
537764,3,5.9900,BEBIDAS
537764,5,5.9900,BEBIDAS
537764,8,5.9900,BEBIDAS
537764,9,5.9900,BEBIDAS
555703,1,2.9900,LIMPEZA
555703,2,2.9900,LIMPEZA
555703,3,2.9900,LIMPEZA
555703,5,2.9900,LIMPEZA
555703,8,2.9900,LIMPEZA
555703,9,2.9900,LIMPEZA
587370,1,10.7900,FRIOS
587370,2,10.7900,FRIOS
587370,3,10.7900,FRIOS
587370,5,5.9900,FRIOS
587370,8,10.7900,FRIOS
587370,9,10.7900,FRIOS
631795,1,9.9900,BOMBONIERE
631795,2,9.9900,BOMBONIERE
631795,3,9.9900,BOMBONIERE
631795,5,9.9900,BOMBONIERE
631795,8,9.9900,BOMBONIERE
631795,9,9.9900,BOMBONIERE
959790,1,2.2900,"BISCOITOS / BOLACHAS"
959790,2,2.2900,"BISCOITOS / BOLACHAS"
959790,3,2.2900,"BISCOITOS / BOLACHAS"
959790,5,2.2900,"BISCOITOS / BOLACHAS"
959790,8,2.2900,"BISCOITOS / BOLACHAS"
959790,9,2.2900,"BISCOITOS / BOLACHAS"
973718,1,3.6900,BEBIDAS
973718,2,3.6900,BEBIDAS
973718,3,3.6900,BEBIDAS
973718,5,3.6900,BEBIDAS
973718,8,3.6900,BEBIDAS
973718,9,3.6900,BEBIDAS
