codigo,qtd30
1072,38
1216,8971
1320,854
1373,1866
1374,7071
1418,6596
1443,8093
1444,3202
2963,560
10327,20
10383,177
10384,1527
11129,6
11575,3
11578,12
11585,2
11586,10
11598,40
11602,62
11607,36
11608,40
11609,29
11616,17
11618,20
11619,14
11757,2
12014,6
12098,38
12149,53
12669,2
13121,4
13331,103
13332,171
13451,29
13489,80
13529,1
13530,1
13675,402
13677,451
13679,630
13920,3
14109,3
14111,3
14205,24
14207,1433
14941,8301
14990,172
15094,6
15095,13
16315,158
16316,62
16317,45
16645,19
16673,11
16706,1336
16760,16
16925,3
16928,11
16967,5
16968,7
16969,2
16971,3
16973,14
16974,2
17007,2
17021,2
17167,10
17168,8
17235,61
17351,6
17492,38
17528,11
17540,41
17845,3
18546,676
18647,9
19287,5
19383,60
19416,58
19417,34
19500,68
20114,316
20116,204
20117,290
20141,8
20452,8
20560,29
20749,125
20818,16
21856,38
22288,13
22369,159
22484,64
22599,48
22600,23
22601,8
22602,17
22606,14
22609,11
22612,2
22966,1
23283,23
24340,1
24537,17
24538,10
24539,18
24540,12
24541,4
24542,17
24544,8
24546,8
24547,9
24548,8
24549,2
24550,3
25080,3
25084,7
25085,42
25091,7
25325,6
25348,1
25830,154
25835,3
26030,60
26032,97
26039,1
26138,1
26344,4046
26349,7
27846,1
27921,57
27923,31
28002,479
28003,189
28004,238
28101,239
28359,90
28360,268
28673,1
28674,6
28720,2
29581,3
29582,13
29583,12
29584,6
29586,30
29629,175
29742,1
30496,277
30594,13
30595,12
30596,17
30724,21
30774,33
30775,2
30785,793
30786,892
30789,911
30791,2508
30792,1182
30793,428
30906,498
30908,33
31159,33
31160,8
31161,2
31162,8
31163,25
31214,2405
31289,211
31291,95
31638,1977
31802,10
31803,24
31823,23
31865,1202
31866,4905
31867,890
31868,1563
31938,89
31939,24
32030,1
32034,851
32035,1200
32042,361
32209,191
32235,943
32236,709
32237,1507
32238,2127
32284,1
32514,2
32671,6
32986,545
32987,542
33012,1
33014,7
33018,431
33108,7
33120,1359
33186,920
33187,1596
33188,771
33189,1798
33190,745
33197,1645
33210,106
33315,658
33379,485
33380,623
33481,1173
33487,274
33488,645
33489,773
33490,1367
33794,16
33923,13
33956,67
33957,19
33959,3161
34147,5
34149,16
34313,22
34321,80
34423,38
34451,1
34499,358
34513,9
34622,45
34623,65
34624,54
34625,123
34626,94
34627,99
34667,40
34795,313
35276,3
35423,141
35429,2
35561,187
35775,297
35951,34
36022,83
36023,142
36040,44
36228,287
36381,371
36487,302
36541,331
36567,62
36568,91
36598,2289
36620,873
36653,1
36738,7
36983,65
36985,96
36986,11
37165,8
37265,4
37278,5
37279,42
37280,9
37325,7
37326,3
37421,185
37422,434
37544,7
37545,9
37546,6
37609,140
37610,199
37705,8
37706,9
37707,14
37708,10
37709,6
37710,3
37711,2
37755,28
37756,4
37758,14
37801,755
37802,41
37803,66
37804,228
38436,25
38464,1
38466,4
38467,12
38468,19
38469,3
38506,294
38597,205
38598,123
38699,5
38806,23
38903,3
38908,28
38912,3
38914,2
38937,15
38938,49
38939,1
38977,82
39239,10
39646,2
39673,2
39785,2
39786,1
39787,4
39790,3
39791,2
39797,40
39861,624
39907,52
40121,177
40221,6
40252,5
40267,3
40549,2
40558,2
40665,596
40683,21
40684,9
40685,9
40686,14
40728,25
40733,19
40734,7
40850,33
40951,179
40953,1388
40954,700
40962,8
41030,79
41204,42
41205,98
41296,9
41297,179
41299,111
41300,776
41301,1753
41331,98
41372,553
41537,729
41539,1650
41541,5
41576,10
41577,10
41578,9
41579,13
41658,16
41659,19
41660,20
41790,1798
41795,307
41796,29
41797,15
42117,246
42391,335
42392,529
42393,460
42556,11
42631,212
42757,9
42792,10
42964,2
42965,1
42966,4
42967,2
42969,1
42970,14
42972,3
42973,3
42975,2
42976,6
42977,2
42984,5
42985,1
42987,1
42988,2
43125,49
43127,60
43128,26
43274,2
43275,1
43287,18
43288,7
43289,23
43331,16
43352,2
43417,514
43418,647
43474,94
43475,233
43476,161
43477,237
43478,139
43479,199
43480,112
43525,25
43620,19
43645,38
43732,1
43893,11
44152,2
44191,8
44213,22
44217,3
44250,419
44284,8
44285,90
44398,52
44399,29
44400,58
44401,5
44402,24
44404,117
44617,4
44618,4
44705,359
44706,186
44741,125
44850,21
44851,9
44852,2
44853,7
44854,15
44855,6
44856,33
44861,15
45001,32
45020,12
45021,26
45121,4930
45137,10
45139,24
45313,27
45314,20
45315,25
45316,23
45325,6
45327,28
45409,34
45412,16
45413,10
45414,7
45440,4
45441,1
45444,11
45445,11
45446,7
45464,3
45474,11
45475,1
45635,3
45641,1
45649,1
45651,35
45803,80
45872,27
45928,1410
45942,52
45967,124
45999,28
46000,27
46005,1
46011,50
46034,142
46037,6
46038,7
46039,4
46041,6
46109,1
46110,2
46174,9
46175,14
46176,7
46227,471
46307,53
46308,57
46461,25
46466,35
46468,43
46480,1054
46481,1463
46492,18
46521,450
46598,29
46599,52
46600,18
46601,20
46671,273
46719,251
46798,103
46891,7083
46895,3885
46929,31
46931,2
46933,21
47064,25
47065,23
47082,8
47085,9
47086,26
47089,3
47092,3
47099,1
115584,3
123390,14
123412,20
124680,162
125334,77
125342,51
128147,98
128155,168
128457,401
131369,371
132403,4
136611,178
137596,7
137618,22
138835,33
140368,1
142751,1
142760,2
142786,2
142794,1
142808,4
142816,4
142824,6
142875,1
142891,3
142913,4
142921,16
142930,5
142956,3
142964,2
142972,1
142999,7
143014,4
143022,2
147109,5
147117,4
147125,2
147133,1
159255,15
159697,285
159700,40
159735,16
159867,32
159883,6
159891,45
159905,145
159913,63
160709,24
160997,2
163937,59
166626,12
171948,40
172928,1983
177059,163
181803,2
181811,5
190870,45
191175,2
193810,69
194506,8
194514,7
195847,3
198030,1
501450,20523
506397,99
506656,332
531448,4356
531553,26
533530,34
533742,34
534765,150
534811,171
534854,108
535206,53
535346,53
535397,57
536075,20
537160,872
537764,6948
559954,582
564486,3591
570621,920
584827,25
586331,5378
587370,339
587630,2445
592340,487
596434,180
596477,96
597260,976
601527,52
605158,145
623237,908
626945,586
631639,541
631728,255
631795,296
650943,2
651524,46
668460,4735
674605,45
675423,483
676586,389
681717,104
681750,59
681784,55
681822,68
681830,59
681849,12
681865,54
693316,39
696480,24
696528,1
696862,28
697176,47
697435,35
701920,35
701963,54
701998,479
702005,422
702439,556
702455,517
702463,254
702498,412
702528,449
703419,20
704725,13
704768,38
704873,37
711241,1
714291,9
714445,7
715468,185
717720,112
718122,130
718130,272
718351,143
718386,422
718440,19
718475,187
718491,6
725544,17
725838,10
725862,24
728675,142
728691,84
728977,39
731048,40
732788,33
732869,63
737461,14
744468,3
744522,22
744573,21
744581,24
744638,7
746479,26
746533,30
747661,24
747742,18
747840,23
747939,7
747963,16
748013,23
748145,15
748161,8
748188,4
749583,69
749630,23
749656,76
749770,56
749818,4
762571,35
762806,27
763446,47
764124,191
764175,16
764329,22
764418,1
764450,16
765597,96
770736,1
771198,1
771228,1
771333,2
771368,1
771376,4
771430,1
772925,12
773069,16
773344,23
773352,6
773379,2
773387,13
773417,18
773450,5
773476,2
773484,1
773506,14
773514,7
773581,8
773646,5
773654,4
773832,2
775037,13
776017,11
777846,13
794341,14
794511,20
795828,1
795836,12
795852,1
795941,5
797561,195
804487,185
804797,719
808016,34
808202,31
808636,3
808725,2
808776,2
809330,9064
812412,978
817171,697
819611,2
821438,130
821659,61
833932,916
835463,5
836010,62
836320,13
838217,122
856568,159
858552,101
858714,30
858900,7
861430,36
866679,15
870390,272
879169,2
879207,1
880299,13
886297,7
886327,24
886360,6
886386,2
886416,10
886440,11
886491,13
886521,1
886530,6
886564,3
886580,2
886653,1
886700,1
898856,9
898864,17
910287,83
910643,63
911160,17
911178,14
918350,43
925187,5
925373,17
925390,8
929328,442
929336,476
935972,26
936243,10
937690,4
941387,522
949876,167
951544,5
952834,156
953709,85
954241,85
957860,11
960209,3
964727,46
975435,1
975443,1
975460,4
975478,12
975486,9
975494,5
975508,24
975516,3
975524,8
975532,10
975540,11
975559,5
987204,1
989231,1
990612,10
993514,42
993727,22
995240,10
995584,8
996416,10
